ytid,path,label_n,category_n,label_ontology,label,category
-0I8UawoV84,-0I8UawoV84.opus.pt,0,2,/m/02sgy,Electric guitar,Musical instrument
-0uLpEM8Kf8,-0uLpEM8Kf8.opus.pt,0,2,/m/02sgy,Electric guitar,Musical instrument
-19alzpMU-c,-19alzpMU-c.opus.pt,0,2,/m/02sgy,Electric guitar,Musical instrument
-1hlzP4MsMA,-1hlzP4MsMA.opus.pt,0,2,/m/02sgy,Electric guitar,Musical instrument
-1u8sg-CTZ4,-1u8sg-CTZ4.opus.pt,0,2,/m/02sgy,Electric guitar,Musical instrument
-1vp_FPfUJ0,-1vp_FPfUJ0.opus.pt,0,2,/m/02sgy,Electric guitar,Musical instrument
-2zfbfLplBQ,-2zfbfLplBQ.opus.pt,0,2,/m/02sgy,Electric guitar,Musical instrument
-3Fh0m8IDno,-3Fh0m8IDno.opus.pt,0,2,/m/02sgy,Electric guitar,Musical instrument
-3cw1GRJlWQ,-3cw1GRJlWQ.opus.pt,0,2,/m/02sgy,Electric guitar,Musical instrument
-3g4NR5rYjs,-3g4NR5rYjs.opus.pt,0,2,/m/02sgy,Electric guitar,Musical instrument
-3wXC2i-OB0,-3wXC2i-OB0.opus.pt,0,2,/m/02sgy,Electric guitar,Musical instrument
-469W40BWLk,-469W40BWLk.opus.pt,0,2,/m/02sgy,Electric guitar,Musical instrument
-4BB8v0vfbo,-4BB8v0vfbo.opus.pt,0,2,/m/02sgy,Electric guitar,Musical instrument
-5TwklAWNEo,-5TwklAWNEo.opus.pt,0,2,/m/02sgy,Electric guitar,Musical instrument
-6kBC_imWw8,-6kBC_imWw8.opus.pt,0,2,/m/02sgy,Electric guitar,Musical instrument
-75sXH8Aj-4,-75sXH8Aj-4.opus.pt,0,2,/m/02sgy,Electric guitar,Musical instrument
-7SwhiYPNkI,-7SwhiYPNkI.opus.pt,0,2,/m/02sgy,Electric guitar,Musical instrument
-7eWvUjuOsQ,-7eWvUjuOsQ.opus.pt,0,2,/m/02sgy,Electric guitar,Musical instrument
-7qGjFYR8Kw,-7qGjFYR8Kw.opus.pt,0,2,/m/02sgy,Electric guitar,Musical instrument
-86xbR-_1E8,-86xbR-_1E8.opus.pt,0,2,/m/02sgy,Electric guitar,Musical instrument
-8u34szV7lk,-8u34szV7lk.opus.pt,0,2,/m/02sgy,Electric guitar,Musical instrument
-96Af0hHq_M,-96Af0hHq_M.opus.pt,0,2,/m/02sgy,Electric guitar,Musical instrument
-9csVWeHMeQ,-9csVWeHMeQ.opus.pt,0,2,/m/02sgy,Electric guitar,Musical instrument
-A3uXPJhhC8,-A3uXPJhhC8.opus.pt,0,2,/m/02sgy,Electric guitar,Musical instrument
-AT7we8Ohfg,-AT7we8Ohfg.opus.pt,0,2,/m/02sgy,Electric guitar,Musical instrument
-AUqD-aBEd4,-AUqD-aBEd4.opus.pt,0,2,/m/02sgy,Electric guitar,Musical instrument
-AaN56_QwrU,-AaN56_QwrU.opus.pt,0,2,/m/02sgy,Electric guitar,Musical instrument
-AgmiF7ct9c,-AgmiF7ct9c.opus.pt,0,2,/m/02sgy,Electric guitar,Musical instrument
-B2YMPrZk4M,-B2YMPrZk4M.opus.pt,0,2,/m/02sgy,Electric guitar,Musical instrument
-DUq2GrxHzU,-DUq2GrxHzU.opus.pt,0,2,/m/02sgy,Electric guitar,Musical instrument
-Di3oDEH-sA,-Di3oDEH-sA.opus.pt,0,2,/m/02sgy,Electric guitar,Musical instrument
-DnfzrrNZmo,-DnfzrrNZmo.opus.pt,0,2,/m/02sgy,Electric guitar,Musical instrument
-ENj_JTn4EE,-ENj_JTn4EE.opus.pt,0,2,/m/02sgy,Electric guitar,Musical instrument
-GMc8CloTk8,-GMc8CloTk8.opus.pt,0,2,/m/02sgy,Electric guitar,Musical instrument
-Gt_QuXr_NQ,-Gt_QuXr_NQ.opus.pt,0,2,/m/02sgy,Electric guitar,Musical instrument
-H6sF0mGN9Q,-H6sF0mGN9Q.opus.pt,0,2,/m/02sgy,Electric guitar,Musical instrument
-HgWzyC-E0w,-HgWzyC-E0w.opus.pt,0,2,/m/02sgy,Electric guitar,Musical instrument
-IKFzrXD4pM,-IKFzrXD4pM.opus.pt,0,2,/m/02sgy,Electric guitar,Musical instrument
-Iky-gaOLY4,-Iky-gaOLY4.opus.pt,0,2,/m/02sgy,Electric guitar,Musical instrument
-JwP3Kkph9g,-JwP3Kkph9g.opus.pt,0,2,/m/02sgy,Electric guitar,Musical instrument
-K50q3TDY_g,-K50q3TDY_g.opus.pt,0,2,/m/02sgy,Electric guitar,Musical instrument
-K5FB_BO0_c,-K5FB_BO0_c.opus.pt,0,2,/m/02sgy,Electric guitar,Musical instrument
-KIW0IvYTh0,-KIW0IvYTh0.opus.pt,0,2,/m/02sgy,Electric guitar,Musical instrument
-LGf42Xd3Vc,-LGf42Xd3Vc.opus.pt,0,2,/m/02sgy,Electric guitar,Musical instrument
-LjxZrC_F5o,-LjxZrC_F5o.opus.pt,0,2,/m/02sgy,Electric guitar,Musical instrument
-N2KCSqWhCo,-N2KCSqWhCo.opus.pt,0,2,/m/02sgy,Electric guitar,Musical instrument
-N3VUmh1fQk,-N3VUmh1fQk.opus.pt,0,2,/m/02sgy,Electric guitar,Musical instrument
-NfNG_jXYMA,-NfNG_jXYMA.opus.pt,0,2,/m/02sgy,Electric guitar,Musical instrument
-NitYu59aJg,-NitYu59aJg.opus.pt,0,2,/m/02sgy,Electric guitar,Musical instrument
-OCctp-Sszc,-OCctp-Sszc.opus.pt,0,2,/m/02sgy,Electric guitar,Musical instrument
-ODypvXtWbw,-ODypvXtWbw.opus.pt,0,2,/m/02sgy,Electric guitar,Musical instrument
-OKk5UZwX50,-OKk5UZwX50.opus.pt,0,2,/m/02sgy,Electric guitar,Musical instrument
-OSI-8gynxg,-OSI-8gynxg.opus.pt,0,2,/m/02sgy,Electric guitar,Musical instrument
-OeLIXhiAOA,-OeLIXhiAOA.opus.pt,0,2,/m/02sgy,Electric guitar,Musical instrument
-PUhvfVcly0,-PUhvfVcly0.opus.pt,0,2,/m/02sgy,Electric guitar,Musical instrument
-PfxKyqFsRo,-PfxKyqFsRo.opus.pt,0,2,/m/02sgy,Electric guitar,Musical instrument
-PlQ-d2PplI,-PlQ-d2PplI.opus.pt,0,2,/m/02sgy,Electric guitar,Musical instrument
-PutwwcxPOY,-PutwwcxPOY.opus.pt,0,2,/m/02sgy,Electric guitar,Musical instrument
-Q_57ax-tfk,-Q_57ax-tfk.opus.pt,0,2,/m/02sgy,Electric guitar,Musical instrument
-QiL3OEBSVY,-QiL3OEBSVY.opus.pt,0,2,/m/02sgy,Electric guitar,Musical instrument
-RKNHxHTuCA,-RKNHxHTuCA.opus.pt,0,2,/m/02sgy,Electric guitar,Musical instrument
-RPXgv0xNO8,-RPXgv0xNO8.opus.pt,0,2,/m/02sgy,Electric guitar,Musical instrument
-RPsgeouhNM,-RPsgeouhNM.opus.pt,0,2,/m/02sgy,Electric guitar,Musical instrument
-RzHEBJTqMw,-RzHEBJTqMw.opus.pt,0,2,/m/02sgy,Electric guitar,Musical instrument
-S29YP6wnbQ,-S29YP6wnbQ.opus.pt,0,2,/m/02sgy,Electric guitar,Musical instrument
-S4YrBWcoy8,-S4YrBWcoy8.opus.pt,0,2,/m/02sgy,Electric guitar,Musical instrument
-SP86-FrQGw,-SP86-FrQGw.opus.pt,0,2,/m/02sgy,Electric guitar,Musical instrument
-SvASOU44Es,-SvASOU44Es.opus.pt,0,2,/m/02sgy,Electric guitar,Musical instrument
-UEHwj0Jufc,-UEHwj0Jufc.opus.pt,0,2,/m/02sgy,Electric guitar,Musical instrument
-VNOMH2OBgI,-VNOMH2OBgI.opus.pt,0,2,/m/02sgy,Electric guitar,Musical instrument
-WLDHJb5qSY,-WLDHJb5qSY.opus.pt,0,2,/m/02sgy,Electric guitar,Musical instrument
-WSLXgcgxT4,-WSLXgcgxT4.opus.pt,0,2,/m/02sgy,Electric guitar,Musical instrument
-X0E-fpscbY,-X0E-fpscbY.opus.pt,0,2,/m/02sgy,Electric guitar,Musical instrument
-X1yvA_DUfc,-X1yvA_DUfc.opus.pt,0,2,/m/02sgy,Electric guitar,Musical instrument
-XCG3bS3FPc,-XCG3bS3FPc.opus.pt,0,2,/m/02sgy,Electric guitar,Musical instrument
-YLBLJiuNRQ,-YLBLJiuNRQ.opus.pt,0,2,/m/02sgy,Electric guitar,Musical instrument
-_MoLNnf1Fc,-_MoLNnf1Fc.opus.pt,0,2,/m/02sgy,Electric guitar,Musical instrument
-_h1yZ4aEEI,-_h1yZ4aEEI.opus.pt,0,2,/m/02sgy,Electric guitar,Musical instrument
-aFwsQhD-ms,-aFwsQhD-ms.opus.pt,0,2,/m/02sgy,Electric guitar,Musical instrument
-aJtqx7p920,-aJtqx7p920.opus.pt,0,2,/m/02sgy,Electric guitar,Musical instrument
-aSbX1i3OCQ,-aSbX1i3OCQ.opus.pt,0,2,/m/02sgy,Electric guitar,Musical instrument
-aufDOj3UD8,-aufDOj3UD8.opus.pt,0,2,/m/02sgy,Electric guitar,Musical instrument
-ax2sJJZksI,-ax2sJJZksI.opus.pt,0,2,/m/02sgy,Electric guitar,Musical instrument
-bMl7TSTY0M,-bMl7TSTY0M.opus.pt,0,2,/m/02sgy,Electric guitar,Musical instrument
-bzyp1IVTXw,-bzyp1IVTXw.opus.pt,0,2,/m/02sgy,Electric guitar,Musical instrument
-cAi2Nte3As,-cAi2Nte3As.opus.pt,0,2,/m/02sgy,Electric guitar,Musical instrument
-cGnLZn1ITw,-cGnLZn1ITw.opus.pt,0,2,/m/02sgy,Electric guitar,Musical instrument
-cIWSIEaZDQ,-cIWSIEaZDQ.opus.pt,0,2,/m/02sgy,Electric guitar,Musical instrument
-cixjMWpPU0,-cixjMWpPU0.opus.pt,0,2,/m/02sgy,Electric guitar,Musical instrument
-d2rlpMQ9nk,-d2rlpMQ9nk.opus.pt,0,2,/m/02sgy,Electric guitar,Musical instrument
-d6vyabgrds,-d6vyabgrds.opus.pt,0,2,/m/02sgy,Electric guitar,Musical instrument
-dQqsutBP-4,-dQqsutBP-4.opus.pt,0,2,/m/02sgy,Electric guitar,Musical instrument
-eUwUPTeauk,-eUwUPTeauk.opus.pt,0,2,/m/02sgy,Electric guitar,Musical instrument
-er8BwtDVLw,-er8BwtDVLw.opus.pt,0,2,/m/02sgy,Electric guitar,Musical instrument
-fwNjou1Wt4,-fwNjou1Wt4.opus.pt,0,2,/m/02sgy,Electric guitar,Musical instrument
-hJR3jzFqcw,-hJR3jzFqcw.opus.pt,0,2,/m/02sgy,Electric guitar,Musical instrument
-hu1YJoSK2w,-hu1YJoSK2w.opus.pt,0,2,/m/02sgy,Electric guitar,Musical instrument
-iDPTLOfd9c,-iDPTLOfd9c.opus.pt,0,2,/m/02sgy,Electric guitar,Musical instrument
-ibkyQ9Y0N0,-ibkyQ9Y0N0.opus.pt,0,2,/m/02sgy,Electric guitar,Musical instrument
-ijuYUCKkdk,-ijuYUCKkdk.opus.pt,0,2,/m/02sgy,Electric guitar,Musical instrument
-jEMtQWQqXI,-jEMtQWQqXI.opus.pt,0,2,/m/02sgy,Electric guitar,Musical instrument
-jSQRJ12K7Y,-jSQRJ12K7Y.opus.pt,0,2,/m/02sgy,Electric guitar,Musical instrument
-j_5GD5AsUU,-j_5GD5AsUU.opus.pt,0,2,/m/02sgy,Electric guitar,Musical instrument
-jgoHcf_bUM,-jgoHcf_bUM.opus.pt,0,2,/m/02sgy,Electric guitar,Musical instrument
-jlBMvpaCeg,-jlBMvpaCeg.opus.pt,0,2,/m/02sgy,Electric guitar,Musical instrument
-k026j_ybiQ,-k026j_ybiQ.opus.pt,0,2,/m/02sgy,Electric guitar,Musical instrument
-k_M3_tyVlc,-k_M3_tyVlc.opus.pt,0,2,/m/02sgy,Electric guitar,Musical instrument
-krL62ULKKU,-krL62ULKKU.opus.pt,0,2,/m/02sgy,Electric guitar,Musical instrument
-lHlevvbVPA,-lHlevvbVPA.opus.pt,0,2,/m/02sgy,Electric guitar,Musical instrument
-lcd83HpZec,-lcd83HpZec.opus.pt,0,2,/m/02sgy,Electric guitar,Musical instrument
-m--Tv_nqow,-m--Tv_nqow.opus.pt,0,2,/m/02sgy,Electric guitar,Musical instrument
-me7w-8WL3A,-me7w-8WL3A.opus.pt,0,2,/m/02sgy,Electric guitar,Musical instrument
-nC4YRslVxc,-nC4YRslVxc.opus.pt,0,2,/m/02sgy,Electric guitar,Musical instrument
-ncTw81KRwI,-ncTw81KRwI.opus.pt,0,2,/m/02sgy,Electric guitar,Musical instrument
-nsyLe-Ur_Q,-nsyLe-Ur_Q.opus.pt,0,2,/m/02sgy,Electric guitar,Musical instrument
-nxqxJmvYW4,-nxqxJmvYW4.opus.pt,0,2,/m/02sgy,Electric guitar,Musical instrument
-o5R2lL9rTM,-o5R2lL9rTM.opus.pt,0,2,/m/02sgy,Electric guitar,Musical instrument
-pzu3PyY1Gc,-pzu3PyY1Gc.opus.pt,0,2,/m/02sgy,Electric guitar,Musical instrument
-qU2fPyhzXE,-qU2fPyhzXE.opus.pt,0,2,/m/02sgy,Electric guitar,Musical instrument
-qto6Tf5gWM,-qto6Tf5gWM.opus.pt,0,2,/m/02sgy,Electric guitar,Musical instrument
-rbfcridcKc,-rbfcridcKc.opus.pt,0,2,/m/02sgy,Electric guitar,Musical instrument
-rfIXSgkKRw,-rfIXSgkKRw.opus.pt,0,2,/m/02sgy,Electric guitar,Musical instrument
-rlHtqTBhSg,-rlHtqTBhSg.opus.pt,0,2,/m/02sgy,Electric guitar,Musical instrument
-sLBJ8o4U8s,-sLBJ8o4U8s.opus.pt,0,2,/m/02sgy,Electric guitar,Musical instrument
-sO9McKk44o,-sO9McKk44o.opus.pt,0,2,/m/02sgy,Electric guitar,Musical instrument
-t_0asE7ILc,-t_0asE7ILc.opus.pt,0,2,/m/02sgy,Electric guitar,Musical instrument
-ucIqx2-sPA,-ucIqx2-sPA.opus.pt,0,2,/m/02sgy,Electric guitar,Musical instrument
-uczHYd3_RA,-uczHYd3_RA.opus.pt,0,2,/m/02sgy,Electric guitar,Musical instrument
-unw5WaHPhY,-unw5WaHPhY.opus.pt,0,2,/m/02sgy,Electric guitar,Musical instrument
-v0XzJPjOBo,-v0XzJPjOBo.opus.pt,0,2,/m/02sgy,Electric guitar,Musical instrument
-v3L96VuDR4,-v3L96VuDR4.opus.pt,0,2,/m/02sgy,Electric guitar,Musical instrument
-vS7R9gy6Kg,-vS7R9gy6Kg.opus.pt,0,2,/m/02sgy,Electric guitar,Musical instrument
-va_9t-CbHo,-va_9t-CbHo.opus.pt,0,2,/m/02sgy,Electric guitar,Musical instrument
-vdr-uBv34A,-vdr-uBv34A.opus.pt,0,2,/m/02sgy,Electric guitar,Musical instrument
-w9ppwBDadU,-w9ppwBDadU.opus.pt,0,2,/m/02sgy,Electric guitar,Musical instrument
-x5BH4qxWRg,-x5BH4qxWRg.opus.pt,0,2,/m/02sgy,Electric guitar,Musical instrument
-y_mlO5P-d4,-y_mlO5P-d4.opus.pt,0,2,/m/02sgy,Electric guitar,Musical instrument
0-52fUsHAfo,0-52fUsHAfo.opus.pt,0,2,/m/02sgy,Electric guitar,Musical instrument
0-BDQlLpbV0,0-BDQlLpbV0.opus.pt,0,2,/m/02sgy,Electric guitar,Musical instrument
0-wT_K4-N-w,0-wT_K4-N-w.opus.pt,0,2,/m/02sgy,Electric guitar,Musical instrument
00iyODZDWp0,00iyODZDWp0.opus.pt,0,2,/m/02sgy,Electric guitar,Musical instrument
00kBwlCsn2A,00kBwlCsn2A.opus.pt,0,2,/m/02sgy,Electric guitar,Musical instrument
014oQNZCrMU,014oQNZCrMU.opus.pt,0,2,/m/02sgy,Electric guitar,Musical instrument
01X_nPUVQNA,01X_nPUVQNA.opus.pt,0,2,/m/02sgy,Electric guitar,Musical instrument
02pjie8m-_g,02pjie8m-_g.opus.pt,0,2,/m/02sgy,Electric guitar,Musical instrument
036spQ9Cvvg,036spQ9Cvvg.opus.pt,0,2,/m/02sgy,Electric guitar,Musical instrument
03AkQLdo1io,03AkQLdo1io.opus.pt,0,2,/m/02sgy,Electric guitar,Musical instrument
03N6IFUl4jc,03N6IFUl4jc.opus.pt,0,2,/m/02sgy,Electric guitar,Musical instrument
03aR-iUwIVQ,03aR-iUwIVQ.opus.pt,0,2,/m/02sgy,Electric guitar,Musical instrument
03pNvFONGt8,03pNvFONGt8.opus.pt,0,2,/m/02sgy,Electric guitar,Musical instrument
04qlxRhO3dg,04qlxRhO3dg.opus.pt,0,2,/m/02sgy,Electric guitar,Musical instrument
0550-gE5iZA,0550-gE5iZA.opus.pt,0,2,/m/02sgy,Electric guitar,Musical instrument
05dVJ3Obxfc,05dVJ3Obxfc.opus.pt,0,2,/m/02sgy,Electric guitar,Musical instrument
066wkfpvsyY,066wkfpvsyY.opus.pt,0,2,/m/02sgy,Electric guitar,Musical instrument
06BkOu4N-q0,06BkOu4N-q0.opus.pt,0,2,/m/02sgy,Electric guitar,Musical instrument
06OsGrRUV-E,06OsGrRUV-E.opus.pt,0,2,/m/02sgy,Electric guitar,Musical instrument
06VwJehUe50,06VwJehUe50.opus.pt,0,2,/m/02sgy,Electric guitar,Musical instrument
06cDfBXZL_U,06cDfBXZL_U.opus.pt,0,2,/m/02sgy,Electric guitar,Musical instrument
06hSad3vRng,06hSad3vRng.opus.pt,0,2,/m/02sgy,Electric guitar,Musical instrument
07Jx01ckAk8,07Jx01ckAk8.opus.pt,0,2,/m/02sgy,Electric guitar,Musical instrument
08CXxInVF84,08CXxInVF84.opus.pt,0,2,/m/02sgy,Electric guitar,Musical instrument
08YHCJqoIL0,08YHCJqoIL0.opus.pt,0,2,/m/02sgy,Electric guitar,Musical instrument
09OeM9nDbVQ,09OeM9nDbVQ.opus.pt,0,2,/m/02sgy,Electric guitar,Musical instrument
09eLJXrYun8,09eLJXrYun8.opus.pt,0,2,/m/02sgy,Electric guitar,Musical instrument
09zfyRlXaS8,09zfyRlXaS8.opus.pt,0,2,/m/02sgy,Electric guitar,Musical instrument
0AFl-BDCRgE,0AFl-BDCRgE.opus.pt,0,2,/m/02sgy,Electric guitar,Musical instrument
0APw_Mmlr74,0APw_Mmlr74.opus.pt,0,2,/m/02sgy,Electric guitar,Musical instrument
0ATZ6l2duYc,0ATZ6l2duYc.opus.pt,0,2,/m/02sgy,Electric guitar,Musical instrument
0Ad9Wy1SuhI,0Ad9Wy1SuhI.opus.pt,0,2,/m/02sgy,Electric guitar,Musical instrument
0AtAxFNZjbo,0AtAxFNZjbo.opus.pt,0,2,/m/02sgy,Electric guitar,Musical instrument
0AyGa0SiZfE,0AyGa0SiZfE.opus.pt,0,2,/m/02sgy,Electric guitar,Musical instrument
0AzWaJE68Qc,0AzWaJE68Qc.opus.pt,0,2,/m/02sgy,Electric guitar,Musical instrument
0BRm6by2318,0BRm6by2318.opus.pt,0,2,/m/02sgy,Electric guitar,Musical instrument
0BwdnwOJ5_4,0BwdnwOJ5_4.opus.pt,0,2,/m/02sgy,Electric guitar,Musical instrument
0CnbUT-jJOw,0CnbUT-jJOw.opus.pt,0,2,/m/02sgy,Electric guitar,Musical instrument
0Cwd-z5dAcY,0Cwd-z5dAcY.opus.pt,0,2,/m/02sgy,Electric guitar,Musical instrument
0DHtWXEptjE,0DHtWXEptjE.opus.pt,0,2,/m/02sgy,Electric guitar,Musical instrument
0EGpWxPEr7M,0EGpWxPEr7M.opus.pt,0,2,/m/02sgy,Electric guitar,Musical instrument
0Ep4JCF9Yn4,0Ep4JCF9Yn4.opus.pt,0,2,/m/02sgy,Electric guitar,Musical instrument
0F3OXT91AJ4,0F3OXT91AJ4.opus.pt,0,2,/m/02sgy,Electric guitar,Musical instrument
0GICf6rSxdw,0GICf6rSxdw.opus.pt,0,2,/m/02sgy,Electric guitar,Musical instrument
0Grly_ZX2Qo,0Grly_ZX2Qo.opus.pt,0,2,/m/02sgy,Electric guitar,Musical instrument
0H7TVB81e8w,0H7TVB81e8w.opus.pt,0,2,/m/02sgy,Electric guitar,Musical instrument
0HTEwuwnfgk,0HTEwuwnfgk.opus.pt,0,2,/m/02sgy,Electric guitar,Musical instrument
0INYDyl4GSQ,0INYDyl4GSQ.opus.pt,0,2,/m/02sgy,Electric guitar,Musical instrument
0IYj7gZ9Z8s,0IYj7gZ9Z8s.opus.pt,0,2,/m/02sgy,Electric guitar,Musical instrument
0J6OOtZ5CQk,0J6OOtZ5CQk.opus.pt,0,2,/m/02sgy,Electric guitar,Musical instrument
0J9zmzEPXUs,0J9zmzEPXUs.opus.pt,0,2,/m/02sgy,Electric guitar,Musical instrument
0JAe2UqwJQo,0JAe2UqwJQo.opus.pt,0,2,/m/02sgy,Electric guitar,Musical instrument
0JNkHBYi-iY,0JNkHBYi-iY.opus.pt,0,2,/m/02sgy,Electric guitar,Musical instrument
0JjOPfXt8QQ,0JjOPfXt8QQ.opus.pt,0,2,/m/02sgy,Electric guitar,Musical instrument
0JkVaajg8Rs,0JkVaajg8Rs.opus.pt,0,2,/m/02sgy,Electric guitar,Musical instrument
0K-uRP5hceQ,0K-uRP5hceQ.opus.pt,0,2,/m/02sgy,Electric guitar,Musical instrument
0K1TOiAa3qw,0K1TOiAa3qw.opus.pt,0,2,/m/02sgy,Electric guitar,Musical instrument
0KSRbR1l5D4,0KSRbR1l5D4.opus.pt,0,2,/m/02sgy,Electric guitar,Musical instrument
0KTGEuoax2I,0KTGEuoax2I.opus.pt,0,2,/m/02sgy,Electric guitar,Musical instrument
0KU8DJRq_vg,0KU8DJRq_vg.opus.pt,0,2,/m/02sgy,Electric guitar,Musical instrument
0Ka1gzL9fn8,0Ka1gzL9fn8.opus.pt,0,2,/m/02sgy,Electric guitar,Musical instrument
0KqNsIrQP5w,0KqNsIrQP5w.opus.pt,0,2,/m/02sgy,Electric guitar,Musical instrument
0L0Hwgpd3kk,0L0Hwgpd3kk.opus.pt,0,2,/m/02sgy,Electric guitar,Musical instrument
0LFpA55-8Hc,0LFpA55-8Hc.opus.pt,0,2,/m/02sgy,Electric guitar,Musical instrument
0LRkvF1TdqM,0LRkvF1TdqM.opus.pt,0,2,/m/02sgy,Electric guitar,Musical instrument
0LkrDRggpJc,0LkrDRggpJc.opus.pt,0,2,/m/02sgy,Electric guitar,Musical instrument
0LrcLQQQCco,0LrcLQQQCco.opus.pt,0,2,/m/02sgy,Electric guitar,Musical instrument
0MxxEDXlQqg,0MxxEDXlQqg.opus.pt,0,2,/m/02sgy,Electric guitar,Musical instrument
0NC_UtCASP8,0NC_UtCASP8.opus.pt,0,2,/m/02sgy,Electric guitar,Musical instrument
0NQxIEgvtVg,0NQxIEgvtVg.opus.pt,0,2,/m/02sgy,Electric guitar,Musical instrument
0PZ1m_exbGk,0PZ1m_exbGk.opus.pt,0,2,/m/02sgy,Electric guitar,Musical instrument
0P_wTB0WmZY,0P_wTB0WmZY.opus.pt,0,2,/m/02sgy,Electric guitar,Musical instrument
0Pxb7rNS7jo,0Pxb7rNS7jo.opus.pt,0,2,/m/02sgy,Electric guitar,Musical instrument
0QL_p8egxOU,0QL_p8egxOU.opus.pt,0,2,/m/02sgy,Electric guitar,Musical instrument
0R7PeDA1S00,0R7PeDA1S00.opus.pt,0,2,/m/02sgy,Electric guitar,Musical instrument
0RCGmA7QMYA,0RCGmA7QMYA.opus.pt,0,2,/m/02sgy,Electric guitar,Musical instrument
0RLtV0LUk5U,0RLtV0LUk5U.opus.pt,0,2,/m/02sgy,Electric guitar,Musical instrument
0Rh9Llbxsfo,0Rh9Llbxsfo.opus.pt,0,2,/m/02sgy,Electric guitar,Musical instrument
0Ri7gfemiNc,0Ri7gfemiNc.opus.pt,0,2,/m/02sgy,Electric guitar,Musical instrument
0SBePbYMRaM,0SBePbYMRaM.opus.pt,0,2,/m/02sgy,Electric guitar,Musical instrument
0SXgOEKZhTI,0SXgOEKZhTI.opus.pt,0,2,/m/02sgy,Electric guitar,Musical instrument
0THoJNiHsDk,0THoJNiHsDk.opus.pt,0,2,/m/02sgy,Electric guitar,Musical instrument
0UPInNpryaI,0UPInNpryaI.opus.pt,0,2,/m/02sgy,Electric guitar,Musical instrument
0UnxICmFoXA,0UnxICmFoXA.opus.pt,0,2,/m/02sgy,Electric guitar,Musical instrument
0UwBuFOY0MA,0UwBuFOY0MA.opus.pt,0,2,/m/02sgy,Electric guitar,Musical instrument
0UybSHIJn3M,0UybSHIJn3M.opus.pt,0,2,/m/02sgy,Electric guitar,Musical instrument
0W3RzppaqHA,0W3RzppaqHA.opus.pt,0,2,/m/02sgy,Electric guitar,Musical instrument
0W5pBFtUKQM,0W5pBFtUKQM.opus.pt,0,2,/m/02sgy,Electric guitar,Musical instrument
0W7-1UVdbTU,0W7-1UVdbTU.opus.pt,0,2,/m/02sgy,Electric guitar,Musical instrument
0WG7g38gnk4,0WG7g38gnk4.opus.pt,0,2,/m/02sgy,Electric guitar,Musical instrument
0XHSxeF0CxI,0XHSxeF0CxI.opus.pt,0,2,/m/02sgy,Electric guitar,Musical instrument
0XMaHuRy1Yc,0XMaHuRy1Yc.opus.pt,0,2,/m/02sgy,Electric guitar,Musical instrument
0XaOA2C37bM,0XaOA2C37bM.opus.pt,0,2,/m/02sgy,Electric guitar,Musical instrument
0Z8YksF0Xzo,0Z8YksF0Xzo.opus.pt,0,2,/m/02sgy,Electric guitar,Musical instrument
0_M44oRXuBg,0_M44oRXuBg.opus.pt,0,2,/m/02sgy,Electric guitar,Musical instrument
0ajZHnP_FB4,0ajZHnP_FB4.opus.pt,0,2,/m/02sgy,Electric guitar,Musical instrument
0cT3lQXSbJ8,0cT3lQXSbJ8.opus.pt,0,2,/m/02sgy,Electric guitar,Musical instrument
0cpzmeXrjnA,0cpzmeXrjnA.opus.pt,0,2,/m/02sgy,Electric guitar,Musical instrument
0dlNu9WpN5Q,0dlNu9WpN5Q.opus.pt,0,2,/m/02sgy,Electric guitar,Musical instrument
0dwXjy7hAtA,0dwXjy7hAtA.opus.pt,0,2,/m/02sgy,Electric guitar,Musical instrument
0eDDvPUy_xE,0eDDvPUy_xE.opus.pt,0,2,/m/02sgy,Electric guitar,Musical instrument
0eDpFMIQv6U,0eDpFMIQv6U.opus.pt,0,2,/m/02sgy,Electric guitar,Musical instrument
0ef8LyVH4TQ,0ef8LyVH4TQ.opus.pt,0,2,/m/02sgy,Electric guitar,Musical instrument
0f_yi5767jI,0f_yi5767jI.opus.pt,0,2,/m/02sgy,Electric guitar,Musical instrument
0fykAukzQJ8,0fykAukzQJ8.opus.pt,0,2,/m/02sgy,Electric guitar,Musical instrument
0gF2A3NvQRk,0gF2A3NvQRk.opus.pt,0,2,/m/02sgy,Electric guitar,Musical instrument
0gaz0Tav-ok,0gaz0Tav-ok.opus.pt,0,2,/m/02sgy,Electric guitar,Musical instrument
0hCAFrXNkEQ,0hCAFrXNkEQ.opus.pt,0,2,/m/02sgy,Electric guitar,Musical instrument
0hNgjAsG2Ck,0hNgjAsG2Ck.opus.pt,0,2,/m/02sgy,Electric guitar,Musical instrument
0iNCqN8xDo0,0iNCqN8xDo0.opus.pt,0,2,/m/02sgy,Electric guitar,Musical instrument
0iha0rh9Dwo,0iha0rh9Dwo.opus.pt,0,2,/m/02sgy,Electric guitar,Musical instrument
0jUF6IPg6Uo,0jUF6IPg6Uo.opus.pt,0,2,/m/02sgy,Electric guitar,Musical instrument
0k9M_0XBIwM,0k9M_0XBIwM.opus.pt,0,2,/m/02sgy,Electric guitar,Musical instrument
0kP8aQCt2eA,0kP8aQCt2eA.opus.pt,0,2,/m/02sgy,Electric guitar,Musical instrument
0lTp2ch2d-w,0lTp2ch2d-w.opus.pt,0,2,/m/02sgy,Electric guitar,Musical instrument
0mNCdvNJUnU,0mNCdvNJUnU.opus.pt,0,2,/m/02sgy,Electric guitar,Musical instrument
0mWHVvKb1hM,0mWHVvKb1hM.opus.pt,0,2,/m/02sgy,Electric guitar,Musical instrument
0mi5ILzTGks,0mi5ILzTGks.opus.pt,0,2,/m/02sgy,Electric guitar,Musical instrument
0mt6sWcX3xM,0mt6sWcX3xM.opus.pt,0,2,/m/02sgy,Electric guitar,Musical instrument
0mtfI9smIlk,0mtfI9smIlk.opus.pt,0,2,/m/02sgy,Electric guitar,Musical instrument
0n9V2MSyQNA,0n9V2MSyQNA.opus.pt,0,2,/m/02sgy,Electric guitar,Musical instrument
0nWVAMfsqkM,0nWVAMfsqkM.opus.pt,0,2,/m/02sgy,Electric guitar,Musical instrument
0nbLjqV1t4E,0nbLjqV1t4E.opus.pt,0,2,/m/02sgy,Electric guitar,Musical instrument
0nbara8iTvg,0nbara8iTvg.opus.pt,0,2,/m/02sgy,Electric guitar,Musical instrument
0o5wwrF8_MU,0o5wwrF8_MU.opus.pt,0,2,/m/02sgy,Electric guitar,Musical instrument
0oAgBfKd948,0oAgBfKd948.opus.pt,0,2,/m/02sgy,Electric guitar,Musical instrument
0ocnNEo0lwY,0ocnNEo0lwY.opus.pt,0,2,/m/02sgy,Electric guitar,Musical instrument
0oovP-cPlX8,0oovP-cPlX8.opus.pt,0,2,/m/02sgy,Electric guitar,Musical instrument
0p44vKid6J4,0p44vKid6J4.opus.pt,0,2,/m/02sgy,Electric guitar,Musical instrument
0pADpYZTSKc,0pADpYZTSKc.opus.pt,0,2,/m/02sgy,Electric guitar,Musical instrument
0pEjNQz36vw,0pEjNQz36vw.opus.pt,0,2,/m/02sgy,Electric guitar,Musical instrument
0pqLmf2R8yo,0pqLmf2R8yo.opus.pt,0,2,/m/02sgy,Electric guitar,Musical instrument
0rmCNaArTgg,0rmCNaArTgg.opus.pt,0,2,/m/02sgy,Electric guitar,Musical instrument
0rpqNRtKFIk,0rpqNRtKFIk.opus.pt,0,2,/m/02sgy,Electric guitar,Musical instrument
0tDNdkTgCM8,0tDNdkTgCM8.opus.pt,0,2,/m/02sgy,Electric guitar,Musical instrument
0tPlWTZgR4U,0tPlWTZgR4U.opus.pt,0,2,/m/02sgy,Electric guitar,Musical instrument
0tQnIgP6ub8,0tQnIgP6ub8.opus.pt,0,2,/m/02sgy,Electric guitar,Musical instrument
0tuuF9RJvGU,0tuuF9RJvGU.opus.pt,0,2,/m/02sgy,Electric guitar,Musical instrument
0uLVzp0mnIw,0uLVzp0mnIw.opus.pt,0,2,/m/02sgy,Electric guitar,Musical instrument
0uqAsXt-TmY,0uqAsXt-TmY.opus.pt,0,2,/m/02sgy,Electric guitar,Musical instrument
0v91gIHRlhQ,0v91gIHRlhQ.opus.pt,0,2,/m/02sgy,Electric guitar,Musical instrument
0vGl0ThTzF0,0vGl0ThTzF0.opus.pt,0,2,/m/02sgy,Electric guitar,Musical instrument
0vjOcl6_adc,0vjOcl6_adc.opus.pt,0,2,/m/02sgy,Electric guitar,Musical instrument
0vnT2cMt4xE,0vnT2cMt4xE.opus.pt,0,2,/m/02sgy,Electric guitar,Musical instrument
0xSLLjGW4OQ,0xSLLjGW4OQ.opus.pt,0,2,/m/02sgy,Electric guitar,Musical instrument
0xyXjFtNaMM,0xyXjFtNaMM.opus.pt,0,2,/m/02sgy,Electric guitar,Musical instrument
0xyd3G7EN_0,0xyd3G7EN_0.opus.pt,0,2,/m/02sgy,Electric guitar,Musical instrument
0yEUkOmrg9w,0yEUkOmrg9w.opus.pt,0,2,/m/02sgy,Electric guitar,Musical instrument
0yUb2xRMG08,0yUb2xRMG08.opus.pt,0,2,/m/02sgy,Electric guitar,Musical instrument
0z7sjdzmtfw,0z7sjdzmtfw.opus.pt,0,2,/m/02sgy,Electric guitar,Musical instrument
1-8MqdvssiM,1-8MqdvssiM.opus.pt,0,2,/m/02sgy,Electric guitar,Musical instrument
1-EWbtI2U_U,1-EWbtI2U_U.opus.pt,0,2,/m/02sgy,Electric guitar,Musical instrument
1-MeeP1yh2g,1-MeeP1yh2g.opus.pt,0,2,/m/02sgy,Electric guitar,Musical instrument
1-c6yEYeGx8,1-c6yEYeGx8.opus.pt,0,2,/m/02sgy,Electric guitar,Musical instrument
10_VTL6gPg0,10_VTL6gPg0.opus.pt,0,2,/m/02sgy,Electric guitar,Musical instrument
111FOdPQ5X4,111FOdPQ5X4.opus.pt,0,2,/m/02sgy,Electric guitar,Musical instrument
11AfDLoyetk,11AfDLoyetk.opus.pt,0,2,/m/02sgy,Electric guitar,Musical instrument
11loUr3wiFA,11loUr3wiFA.opus.pt,0,2,/m/02sgy,Electric guitar,Musical instrument
12KOgbk-B7k,12KOgbk-B7k.opus.pt,0,2,/m/02sgy,Electric guitar,Musical instrument
12dn6XOAbG8,12dn6XOAbG8.opus.pt,0,2,/m/02sgy,Electric guitar,Musical instrument
12oN6nah_jU,12oN6nah_jU.opus.pt,0,2,/m/02sgy,Electric guitar,Musical instrument
12x2aiPckqs,12x2aiPckqs.opus.pt,0,2,/m/02sgy,Electric guitar,Musical instrument
13hiOvExD4s,13hiOvExD4s.opus.pt,0,2,/m/02sgy,Electric guitar,Musical instrument
13lcJHCb2JA,13lcJHCb2JA.opus.pt,0,2,/m/02sgy,Electric guitar,Musical instrument
1497YPjI2iw,1497YPjI2iw.opus.pt,0,2,/m/02sgy,Electric guitar,Musical instrument
14BaPpwXq4Q,14BaPpwXq4Q.opus.pt,0,2,/m/02sgy,Electric guitar,Musical instrument
14G6nNpEtDU,14G6nNpEtDU.opus.pt,0,2,/m/02sgy,Electric guitar,Musical instrument
14UH25bCKig,14UH25bCKig.opus.pt,0,2,/m/02sgy,Electric guitar,Musical instrument
14fOFIVjHy0,14fOFIVjHy0.opus.pt,0,2,/m/02sgy,Electric guitar,Musical instrument
14n-Lkq_KeE,14n-Lkq_KeE.opus.pt,0,2,/m/02sgy,Electric guitar,Musical instrument
16CsENYkLpM,16CsENYkLpM.opus.pt,0,2,/m/02sgy,Electric guitar,Musical instrument
16fEdhfaSiM,16fEdhfaSiM.opus.pt,0,2,/m/02sgy,Electric guitar,Musical instrument
16ve0e7Bi8w,16ve0e7Bi8w.opus.pt,0,2,/m/02sgy,Electric guitar,Musical instrument
16zGbj-snRk,16zGbj-snRk.opus.pt,0,2,/m/02sgy,Electric guitar,Musical instrument
170umSQaETk,170umSQaETk.opus.pt,0,2,/m/02sgy,Electric guitar,Musical instrument
17BhuzUeYZI,17BhuzUeYZI.opus.pt,0,2,/m/02sgy,Electric guitar,Musical instrument
17ol8ixKnvY,17ol8ixKnvY.opus.pt,0,2,/m/02sgy,Electric guitar,Musical instrument
18ls1l3zOvg,18ls1l3zOvg.opus.pt,0,2,/m/02sgy,Electric guitar,Musical instrument
190uORmpDnU,190uORmpDnU.opus.pt,0,2,/m/02sgy,Electric guitar,Musical instrument
195PcE7TU74,195PcE7TU74.opus.pt,0,2,/m/02sgy,Electric guitar,Musical instrument
19TqKasYVOM,19TqKasYVOM.opus.pt,0,2,/m/02sgy,Electric guitar,Musical instrument
1AC2gm_ON-c,1AC2gm_ON-c.opus.pt,0,2,/m/02sgy,Electric guitar,Musical instrument
1ADKTPY6awM,1ADKTPY6awM.opus.pt,0,2,/m/02sgy,Electric guitar,Musical instrument
1Aw8BXKmaVY,1Aw8BXKmaVY.opus.pt,0,2,/m/02sgy,Electric guitar,Musical instrument
1B5oj0CXqIQ,1B5oj0CXqIQ.opus.pt,0,2,/m/02sgy,Electric guitar,Musical instrument
1BIdFKzc984,1BIdFKzc984.opus.pt,0,2,/m/02sgy,Electric guitar,Musical instrument
1BWqZ5bcj68,1BWqZ5bcj68.opus.pt,0,2,/m/02sgy,Electric guitar,Musical instrument
1BmI2c5Cyzo,1BmI2c5Cyzo.opus.pt,0,2,/m/02sgy,Electric guitar,Musical instrument
1C-FW59GB9s,1C-FW59GB9s.opus.pt,0,2,/m/02sgy,Electric guitar,Musical instrument
1CFBhp5zrN0,1CFBhp5zrN0.opus.pt,0,2,/m/02sgy,Electric guitar,Musical instrument
1CwrX_OZgXg,1CwrX_OZgXg.opus.pt,0,2,/m/02sgy,Electric guitar,Musical instrument
1DRuxlPrPkc,1DRuxlPrPkc.opus.pt,0,2,/m/02sgy,Electric guitar,Musical instrument
1DdDTWhBSB0,1DdDTWhBSB0.opus.pt,0,2,/m/02sgy,Electric guitar,Musical instrument
1DmYvJVVoRg,1DmYvJVVoRg.opus.pt,0,2,/m/02sgy,Electric guitar,Musical instrument
1EcOsqunwXs,1EcOsqunwXs.opus.pt,0,2,/m/02sgy,Electric guitar,Musical instrument
1Eds4CinKZo,1Eds4CinKZo.opus.pt,0,2,/m/02sgy,Electric guitar,Musical instrument
1GCiwgUUZOs,1GCiwgUUZOs.opus.pt,0,2,/m/02sgy,Electric guitar,Musical instrument
1GeCaABhaog,1GeCaABhaog.opus.pt,0,2,/m/02sgy,Electric guitar,Musical instrument
1HqyeaF9dfo,1HqyeaF9dfo.opus.pt,0,2,/m/02sgy,Electric guitar,Musical instrument
1KAqpLyn26o,1KAqpLyn26o.opus.pt,0,2,/m/02sgy,Electric guitar,Musical instrument
1KpYmbkPXj8,1KpYmbkPXj8.opus.pt,0,2,/m/02sgy,Electric guitar,Musical instrument
1LbxkLbkVLI,1LbxkLbkVLI.opus.pt,0,2,/m/02sgy,Electric guitar,Musical instrument
1LxAabLAG-U,1LxAabLAG-U.opus.pt,0,2,/m/02sgy,Electric guitar,Musical instrument
1M-UYx_AjcI,1M-UYx_AjcI.opus.pt,0,2,/m/02sgy,Electric guitar,Musical instrument
1MtZyZ3c9Ss,1MtZyZ3c9Ss.opus.pt,0,2,/m/02sgy,Electric guitar,Musical instrument
1MuOGAgIT8Y,1MuOGAgIT8Y.opus.pt,0,2,/m/02sgy,Electric guitar,Musical instrument
1N6SSRiFM5k,1N6SSRiFM5k.opus.pt,0,2,/m/02sgy,Electric guitar,Musical instrument
1NHQbyZ65aw,1NHQbyZ65aw.opus.pt,0,2,/m/02sgy,Electric guitar,Musical instrument
1NjayrBO_fM,1NjayrBO_fM.opus.pt,0,2,/m/02sgy,Electric guitar,Musical instrument
1O9O5tf7v9Y,1O9O5tf7v9Y.opus.pt,0,2,/m/02sgy,Electric guitar,Musical instrument
1Obg5EDgx6g,1Obg5EDgx6g.opus.pt,0,2,/m/02sgy,Electric guitar,Musical instrument
1PiOIVK8rMQ,1PiOIVK8rMQ.opus.pt,0,2,/m/02sgy,Electric guitar,Musical instrument
1Q5-7Ilwg60,1Q5-7Ilwg60.opus.pt,0,2,/m/02sgy,Electric guitar,Musical instrument
1QPLOtZGq6U,1QPLOtZGq6U.opus.pt,0,2,/m/02sgy,Electric guitar,Musical instrument
1RHZbAxT2X8,1RHZbAxT2X8.opus.pt,0,2,/m/02sgy,Electric guitar,Musical instrument
1RIXqU-6-qA,1RIXqU-6-qA.opus.pt,0,2,/m/02sgy,Electric guitar,Musical instrument
1RdovFMnUwc,1RdovFMnUwc.opus.pt,0,2,/m/02sgy,Electric guitar,Musical instrument
1RlqZBXBu1I,1RlqZBXBu1I.opus.pt,0,2,/m/02sgy,Electric guitar,Musical instrument
1RwMl9f8SP0,1RwMl9f8SP0.opus.pt,0,2,/m/02sgy,Electric guitar,Musical instrument
1SL2vkIOuSM,1SL2vkIOuSM.opus.pt,0,2,/m/02sgy,Electric guitar,Musical instrument
1T9wOpdE214,1T9wOpdE214.opus.pt,0,2,/m/02sgy,Electric guitar,Musical instrument
1TO5PNZbUnU,1TO5PNZbUnU.opus.pt,0,2,/m/02sgy,Electric guitar,Musical instrument
1Th-UXMzm8E,1Th-UXMzm8E.opus.pt,0,2,/m/02sgy,Electric guitar,Musical instrument
1TkdkpY9ijE,1TkdkpY9ijE.opus.pt,0,2,/m/02sgy,Electric guitar,Musical instrument
1UJJyGB55Zo,1UJJyGB55Zo.opus.pt,0,2,/m/02sgy,Electric guitar,Musical instrument
1UauudPhoHk,1UauudPhoHk.opus.pt,0,2,/m/02sgy,Electric guitar,Musical instrument
1W01v0hxTbk,1W01v0hxTbk.opus.pt,0,2,/m/02sgy,Electric guitar,Musical instrument
1WHscqgpJYc,1WHscqgpJYc.opus.pt,0,2,/m/02sgy,Electric guitar,Musical instrument
1WRx5JqaCy0,1WRx5JqaCy0.opus.pt,0,2,/m/02sgy,Electric guitar,Musical instrument
1X7asFHJfDA,1X7asFHJfDA.opus.pt,0,2,/m/02sgy,Electric guitar,Musical instrument
1X9ruSZW2NY,1X9ruSZW2NY.opus.pt,0,2,/m/02sgy,Electric guitar,Musical instrument
1YI-BHS8yTI,1YI-BHS8yTI.opus.pt,0,2,/m/02sgy,Electric guitar,Musical instrument
1Z-PZ2kIJw8,1Z-PZ2kIJw8.opus.pt,0,2,/m/02sgy,Electric guitar,Musical instrument
1ZTU5EvrkIw,1ZTU5EvrkIw.opus.pt,0,2,/m/02sgy,Electric guitar,Musical instrument
1_pcakvnj0g,1_pcakvnj0g.opus.pt,0,2,/m/02sgy,Electric guitar,Musical instrument
1aemtrEMDjM,1aemtrEMDjM.opus.pt,0,2,/m/02sgy,Electric guitar,Musical instrument
1bS8vAyAxC4,1bS8vAyAxC4.opus.pt,0,2,/m/02sgy,Electric guitar,Musical instrument
1bSBcuR3dMM,1bSBcuR3dMM.opus.pt,0,2,/m/02sgy,Electric guitar,Musical instrument
1bc8GSRKBp0,1bc8GSRKBp0.opus.pt,0,2,/m/02sgy,Electric guitar,Musical instrument
1bjj2x6kdik,1bjj2x6kdik.opus.pt,0,2,/m/02sgy,Electric guitar,Musical instrument
1bq3KEZvFN0,1bq3KEZvFN0.opus.pt,0,2,/m/02sgy,Electric guitar,Musical instrument
1c45Q2vTRmw,1c45Q2vTRmw.opus.pt,0,2,/m/02sgy,Electric guitar,Musical instrument
1c7EGgMWlYk,1c7EGgMWlYk.opus.pt,0,2,/m/02sgy,Electric guitar,Musical instrument
1cEMGuqOrOY,1cEMGuqOrOY.opus.pt,0,2,/m/02sgy,Electric guitar,Musical instrument
1clI5c87vVU,1clI5c87vVU.opus.pt,0,2,/m/02sgy,Electric guitar,Musical instrument
1cq8BSt3lEo,1cq8BSt3lEo.opus.pt,0,2,/m/02sgy,Electric guitar,Musical instrument
1d4-C77LtG4,1d4-C77LtG4.opus.pt,0,2,/m/02sgy,Electric guitar,Musical instrument
1dNXJwLO4eU,1dNXJwLO4eU.opus.pt,0,2,/m/02sgy,Electric guitar,Musical instrument
1dSM_IfiANE,1dSM_IfiANE.opus.pt,0,2,/m/02sgy,Electric guitar,Musical instrument
1ds52h49KHc,1ds52h49KHc.opus.pt,0,2,/m/02sgy,Electric guitar,Musical instrument
1dvFiJ_Z_rY,1dvFiJ_Z_rY.opus.pt,0,2,/m/02sgy,Electric guitar,Musical instrument
1eZ5HKAyyTs,1eZ5HKAyyTs.opus.pt,0,2,/m/02sgy,Electric guitar,Musical instrument
1eeycodCg2I,1eeycodCg2I.opus.pt,0,2,/m/02sgy,Electric guitar,Musical instrument
1eiHlhvqVJg,1eiHlhvqVJg.opus.pt,0,2,/m/02sgy,Electric guitar,Musical instrument
1f0-34hX1gA,1f0-34hX1gA.opus.pt,0,2,/m/02sgy,Electric guitar,Musical instrument
1fKdptd5Eps,1fKdptd5Eps.opus.pt,0,2,/m/02sgy,Electric guitar,Musical instrument
1fZ8ByZ-QmQ,1fZ8ByZ-QmQ.opus.pt,0,2,/m/02sgy,Electric guitar,Musical instrument
1fedwj0kkAU,1fedwj0kkAU.opus.pt,0,2,/m/02sgy,Electric guitar,Musical instrument
1g1b_PSnPrg,1g1b_PSnPrg.opus.pt,0,2,/m/02sgy,Electric guitar,Musical instrument
1gy3fC05KF8,1gy3fC05KF8.opus.pt,0,2,/m/02sgy,Electric guitar,Musical instrument
1i9dfEKq3Mk,1i9dfEKq3Mk.opus.pt,0,2,/m/02sgy,Electric guitar,Musical instrument
1iiaDYTuHvA,1iiaDYTuHvA.opus.pt,0,2,/m/02sgy,Electric guitar,Musical instrument
1ipTCFT7lDM,1ipTCFT7lDM.opus.pt,0,2,/m/02sgy,Electric guitar,Musical instrument
1j-ThkvN9_I,1j-ThkvN9_I.opus.pt,0,2,/m/02sgy,Electric guitar,Musical instrument
1jV9v1SaM8Y,1jV9v1SaM8Y.opus.pt,0,2,/m/02sgy,Electric guitar,Musical instrument
1jZ5RK5IQN4,1jZ5RK5IQN4.opus.pt,0,2,/m/02sgy,Electric guitar,Musical instrument
1js1nzKs8Mk,1js1nzKs8Mk.opus.pt,0,2,/m/02sgy,Electric guitar,Musical instrument
1k2_jHufSZo,1k2_jHufSZo.opus.pt,0,2,/m/02sgy,Electric guitar,Musical instrument
1k3DR074khI,1k3DR074khI.opus.pt,0,2,/m/02sgy,Electric guitar,Musical instrument
1kCBiC36K7M,1kCBiC36K7M.opus.pt,0,2,/m/02sgy,Electric guitar,Musical instrument
1kKddNskMFI,1kKddNskMFI.opus.pt,0,2,/m/02sgy,Electric guitar,Musical instrument
1ky5B4jBJgA,1ky5B4jBJgA.opus.pt,0,2,/m/02sgy,Electric guitar,Musical instrument
1l3XUunNPds,1l3XUunNPds.opus.pt,0,2,/m/02sgy,Electric guitar,Musical instrument
1lr_m5cJsFg,1lr_m5cJsFg.opus.pt,0,2,/m/02sgy,Electric guitar,Musical instrument
1mP2dLWNDSk,1mP2dLWNDSk.opus.pt,0,2,/m/02sgy,Electric guitar,Musical instrument
1mfbcM4Asow,1mfbcM4Asow.opus.pt,0,2,/m/02sgy,Electric guitar,Musical instrument
1mn8ATrMOVE,1mn8ATrMOVE.opus.pt,0,2,/m/02sgy,Electric guitar,Musical instrument
1mpFmBJ3nv0,1mpFmBJ3nv0.opus.pt,0,2,/m/02sgy,Electric guitar,Musical instrument
1mqTux807BU,1mqTux807BU.opus.pt,0,2,/m/02sgy,Electric guitar,Musical instrument
1n4Nf7YMxwI,1n4Nf7YMxwI.opus.pt,0,2,/m/02sgy,Electric guitar,Musical instrument
1ngXqS4Ka_M,1ngXqS4Ka_M.opus.pt,0,2,/m/02sgy,Electric guitar,Musical instrument
1nqfRf881KI,1nqfRf881KI.opus.pt,0,2,/m/02sgy,Electric guitar,Musical instrument
1o7W5ccA7VI,1o7W5ccA7VI.opus.pt,0,2,/m/02sgy,Electric guitar,Musical instrument
1of3hTrB7bY,1of3hTrB7bY.opus.pt,0,2,/m/02sgy,Electric guitar,Musical instrument
1ompuSGwy9E,1ompuSGwy9E.opus.pt,0,2,/m/02sgy,Electric guitar,Musical instrument
1oo44DQvDqc,1oo44DQvDqc.opus.pt,0,2,/m/02sgy,Electric guitar,Musical instrument
1pPmwR0e3_w,1pPmwR0e3_w.opus.pt,0,2,/m/02sgy,Electric guitar,Musical instrument
1pUPzQpV18M,1pUPzQpV18M.opus.pt,0,2,/m/02sgy,Electric guitar,Musical instrument
1qBWjdI7DB0,1qBWjdI7DB0.opus.pt,0,2,/m/02sgy,Electric guitar,Musical instrument
1qDdZRbkvyY,1qDdZRbkvyY.opus.pt,0,2,/m/02sgy,Electric guitar,Musical instrument
1qiFyK7kiCM,1qiFyK7kiCM.opus.pt,0,2,/m/02sgy,Electric guitar,Musical instrument
1rVrmtkQ1Gc,1rVrmtkQ1Gc.opus.pt,0,2,/m/02sgy,Electric guitar,Musical instrument
1rppMkIPK88,1rppMkIPK88.opus.pt,0,2,/m/02sgy,Electric guitar,Musical instrument
1t1nPFADoLM,1t1nPFADoLM.opus.pt,0,2,/m/02sgy,Electric guitar,Musical instrument
1t6kPTzeXxE,1t6kPTzeXxE.opus.pt,0,2,/m/02sgy,Electric guitar,Musical instrument
1uS7oQCAn0Q,1uS7oQCAn0Q.opus.pt,0,2,/m/02sgy,Electric guitar,Musical instrument
1uWgtUEDa9k,1uWgtUEDa9k.opus.pt,0,2,/m/02sgy,Electric guitar,Musical instrument
1uWrOEUHL_w,1uWrOEUHL_w.opus.pt,0,2,/m/02sgy,Electric guitar,Musical instrument
1v00L2G-LpM,1v00L2G-LpM.opus.pt,0,2,/m/02sgy,Electric guitar,Musical instrument
1v3a-FjLn_E,1v3a-FjLn_E.opus.pt,0,2,/m/02sgy,Electric guitar,Musical instrument
1vC0_bnuUfM,1vC0_bnuUfM.opus.pt,0,2,/m/02sgy,Electric guitar,Musical instrument
1vFcxLgRZZw,1vFcxLgRZZw.opus.pt,0,2,/m/02sgy,Electric guitar,Musical instrument
1vGYuVV64jM,1vGYuVV64jM.opus.pt,0,2,/m/02sgy,Electric guitar,Musical instrument
1vidMwlz16I,1vidMwlz16I.opus.pt,0,2,/m/02sgy,Electric guitar,Musical instrument
1wDs86xH0P0,1wDs86xH0P0.opus.pt,0,2,/m/02sgy,Electric guitar,Musical instrument
1wWTllxb30M,1wWTllxb30M.opus.pt,0,2,/m/02sgy,Electric guitar,Musical instrument
1wboKNRK0pI,1wboKNRK0pI.opus.pt,0,2,/m/02sgy,Electric guitar,Musical instrument
1whMtnLI5Xc,1whMtnLI5Xc.opus.pt,0,2,/m/02sgy,Electric guitar,Musical instrument
1xqLvrPUH7g,1xqLvrPUH7g.opus.pt,0,2,/m/02sgy,Electric guitar,Musical instrument
1yHA9l4nIXQ,1yHA9l4nIXQ.opus.pt,0,2,/m/02sgy,Electric guitar,Musical instrument
1yRowGQ5GPQ,1yRowGQ5GPQ.opus.pt,0,2,/m/02sgy,Electric guitar,Musical instrument
1yuRn9t1O8A,1yuRn9t1O8A.opus.pt,0,2,/m/02sgy,Electric guitar,Musical instrument
1zARppAsWPU,1zARppAsWPU.opus.pt,0,2,/m/02sgy,Electric guitar,Musical instrument
1zb-YReQwOw,1zb-YReQwOw.opus.pt,0,2,/m/02sgy,Electric guitar,Musical instrument
1zjrXDeru6I,1zjrXDeru6I.opus.pt,0,2,/m/02sgy,Electric guitar,Musical instrument
1zolmZuuCcA,1zolmZuuCcA.opus.pt,0,2,/m/02sgy,Electric guitar,Musical instrument
2-DkDPXX6lg,2-DkDPXX6lg.opus.pt,0,2,/m/02sgy,Electric guitar,Musical instrument
2-Lp83imE44,2-Lp83imE44.opus.pt,0,2,/m/02sgy,Electric guitar,Musical instrument
2-MQt3NxKSM,2-MQt3NxKSM.opus.pt,0,2,/m/02sgy,Electric guitar,Musical instrument
2-Q0FVwDC-M,2-Q0FVwDC-M.opus.pt,0,2,/m/02sgy,Electric guitar,Musical instrument
20wCGhydkAA,20wCGhydkAA.opus.pt,0,2,/m/02sgy,Electric guitar,Musical instrument
215-HbE7Bxc,215-HbE7Bxc.opus.pt,0,2,/m/02sgy,Electric guitar,Musical instrument
21FGH6gtHWY,21FGH6gtHWY.opus.pt,0,2,/m/02sgy,Electric guitar,Musical instrument
21hSTAxZThE,21hSTAxZThE.opus.pt,0,2,/m/02sgy,Electric guitar,Musical instrument
21yGpgBnpxs,21yGpgBnpxs.opus.pt,0,2,/m/02sgy,Electric guitar,Musical instrument
23EfnMGYefU,23EfnMGYefU.opus.pt,0,2,/m/02sgy,Electric guitar,Musical instrument
23SKrKjCh_Y,23SKrKjCh_Y.opus.pt,0,2,/m/02sgy,Electric guitar,Musical instrument
23T97_Zb4Cg,23T97_Zb4Cg.opus.pt,0,2,/m/02sgy,Electric guitar,Musical instrument
23bC-ex6eSQ,23bC-ex6eSQ.opus.pt,0,2,/m/02sgy,Electric guitar,Musical instrument
24GQXWKKGRo,24GQXWKKGRo.opus.pt,0,2,/m/02sgy,Electric guitar,Musical instrument
24XFjW2WnW8,24XFjW2WnW8.opus.pt,0,2,/m/02sgy,Electric guitar,Musical instrument
24b9QXLptCA,24b9QXLptCA.opus.pt,0,2,/m/02sgy,Electric guitar,Musical instrument
24kXrHiwRCg,24kXrHiwRCg.opus.pt,0,2,/m/02sgy,Electric guitar,Musical instrument
253JYwrkXN8,253JYwrkXN8.opus.pt,0,2,/m/02sgy,Electric guitar,Musical instrument
26nfo7oVXcs,26nfo7oVXcs.opus.pt,0,2,/m/02sgy,Electric guitar,Musical instrument
26s8hdnUk4o,26s8hdnUk4o.opus.pt,0,2,/m/02sgy,Electric guitar,Musical instrument
28T7GSCS9Z0,28T7GSCS9Z0.opus.pt,0,2,/m/02sgy,Electric guitar,Musical instrument
28WWm3Fz2i8,28WWm3Fz2i8.opus.pt,0,2,/m/02sgy,Electric guitar,Musical instrument
28fPVvlDV_U,28fPVvlDV_U.opus.pt,0,2,/m/02sgy,Electric guitar,Musical instrument
28xoClnFeJg,28xoClnFeJg.opus.pt,0,2,/m/02sgy,Electric guitar,Musical instrument
2AKlkxVqrSE,2AKlkxVqrSE.opus.pt,0,2,/m/02sgy,Electric guitar,Musical instrument
2AS7GO-dyIk,2AS7GO-dyIk.opus.pt,0,2,/m/02sgy,Electric guitar,Musical instrument
2AmVkv3IqOA,2AmVkv3IqOA.opus.pt,0,2,/m/02sgy,Electric guitar,Musical instrument
2AwzMNOHhaM,2AwzMNOHhaM.opus.pt,0,2,/m/02sgy,Electric guitar,Musical instrument
2BWyHJT2AV8,2BWyHJT2AV8.opus.pt,0,2,/m/02sgy,Electric guitar,Musical instrument
2CG6YJRsfj8,2CG6YJRsfj8.opus.pt,0,2,/m/02sgy,Electric guitar,Musical instrument
2CJQRC4GqiY,2CJQRC4GqiY.opus.pt,0,2,/m/02sgy,Electric guitar,Musical instrument
2CYgnxODFIs,2CYgnxODFIs.opus.pt,0,2,/m/02sgy,Electric guitar,Musical instrument
2D54n-HKmIc,2D54n-HKmIc.opus.pt,0,2,/m/02sgy,Electric guitar,Musical instrument
2D9SJ-9Vt2g,2D9SJ-9Vt2g.opus.pt,0,2,/m/02sgy,Electric guitar,Musical instrument
2DJdbL9v8rs,2DJdbL9v8rs.opus.pt,0,2,/m/02sgy,Electric guitar,Musical instrument
2Dd8_DuCysI,2Dd8_DuCysI.opus.pt,0,2,/m/02sgy,Electric guitar,Musical instrument
2E8ArLWNCa8,2E8ArLWNCa8.opus.pt,0,2,/m/02sgy,Electric guitar,Musical instrument
2EVQbDshNd0,2EVQbDshNd0.opus.pt,0,2,/m/02sgy,Electric guitar,Musical instrument
2EijW7-q4Ls,2EijW7-q4Ls.opus.pt,0,2,/m/02sgy,Electric guitar,Musical instrument
2FR014b56CQ,2FR014b56CQ.opus.pt,0,2,/m/02sgy,Electric guitar,Musical instrument
2Fuy3azwQZ8,2Fuy3azwQZ8.opus.pt,0,2,/m/02sgy,Electric guitar,Musical instrument
2GUPp1RIs6g,2GUPp1RIs6g.opus.pt,0,2,/m/02sgy,Electric guitar,Musical instrument
2GZtZzgVG-0,2GZtZzgVG-0.opus.pt,0,2,/m/02sgy,Electric guitar,Musical instrument
2HVSGSocQxw,2HVSGSocQxw.opus.pt,0,2,/m/02sgy,Electric guitar,Musical instrument
2Hb_h9Jls1o,2Hb_h9Jls1o.opus.pt,0,2,/m/02sgy,Electric guitar,Musical instrument
2HhOh7FD7o8,2HhOh7FD7o8.opus.pt,0,2,/m/02sgy,Electric guitar,Musical instrument
2ImhlUFsKfY,2ImhlUFsKfY.opus.pt,0,2,/m/02sgy,Electric guitar,Musical instrument
2J5e69o_a8o,2J5e69o_a8o.opus.pt,0,2,/m/02sgy,Electric guitar,Musical instrument
2J7y58CQVII,2J7y58CQVII.opus.pt,0,2,/m/02sgy,Electric guitar,Musical instrument
2JJf-abMSlw,2JJf-abMSlw.opus.pt,0,2,/m/02sgy,Electric guitar,Musical instrument
2JPDVnZGCZc,2JPDVnZGCZc.opus.pt,0,2,/m/02sgy,Electric guitar,Musical instrument
2JZhKxjX3Vk,2JZhKxjX3Vk.opus.pt,0,2,/m/02sgy,Electric guitar,Musical instrument
2KT-wUnZyhE,2KT-wUnZyhE.opus.pt,0,2,/m/02sgy,Electric guitar,Musical instrument
2K_Yke-Ojxw,2K_Yke-Ojxw.opus.pt,0,2,/m/02sgy,Electric guitar,Musical instrument
2KeJbitsopA,2KeJbitsopA.opus.pt,0,2,/m/02sgy,Electric guitar,Musical instrument
2LHECWvKG2U,2LHECWvKG2U.opus.pt,0,2,/m/02sgy,Electric guitar,Musical instrument
2MSwKX5Ce4Y,2MSwKX5Ce4Y.opus.pt,0,2,/m/02sgy,Electric guitar,Musical instrument
2Mh0_bXJlXs,2Mh0_bXJlXs.opus.pt,0,2,/m/02sgy,Electric guitar,Musical instrument
2NdymeKvryo,2NdymeKvryo.opus.pt,0,2,/m/02sgy,Electric guitar,Musical instrument
2OLn5NhuNUE,2OLn5NhuNUE.opus.pt,0,2,/m/02sgy,Electric guitar,Musical instrument
2OYVErnFKas,2OYVErnFKas.opus.pt,0,2,/m/02sgy,Electric guitar,Musical instrument
2OePgLKnyrY,2OePgLKnyrY.opus.pt,0,2,/m/02sgy,Electric guitar,Musical instrument
2Pjz8lz26FY,2Pjz8lz26FY.opus.pt,0,2,/m/02sgy,Electric guitar,Musical instrument
2QXUG1zXO-M,2QXUG1zXO-M.opus.pt,0,2,/m/02sgy,Electric guitar,Musical instrument
2Q_yXd2O7Bo,2Q_yXd2O7Bo.opus.pt,0,2,/m/02sgy,Electric guitar,Musical instrument
2QbKsZW8SMc,2QbKsZW8SMc.opus.pt,0,2,/m/02sgy,Electric guitar,Musical instrument
2QkLkk-5nV4,2QkLkk-5nV4.opus.pt,0,2,/m/02sgy,Electric guitar,Musical instrument
2Qv6dhbl8HU,2Qv6dhbl8HU.opus.pt,0,2,/m/02sgy,Electric guitar,Musical instrument
2RwIDUhi_DY,2RwIDUhi_DY.opus.pt,0,2,/m/02sgy,Electric guitar,Musical instrument
2Sw8LY_oqpA,2Sw8LY_oqpA.opus.pt,0,2,/m/02sgy,Electric guitar,Musical instrument
2TN4d13rlq4,2TN4d13rlq4.opus.pt,0,2,/m/02sgy,Electric guitar,Musical instrument
2TT0c1_V3IM,2TT0c1_V3IM.opus.pt,0,2,/m/02sgy,Electric guitar,Musical instrument
2T_fit3ewqM,2T_fit3ewqM.opus.pt,0,2,/m/02sgy,Electric guitar,Musical instrument
2Tdgdmu70sU,2Tdgdmu70sU.opus.pt,0,2,/m/02sgy,Electric guitar,Musical instrument
2TrQTnYnajU,2TrQTnYnajU.opus.pt,0,2,/m/02sgy,Electric guitar,Musical instrument
2U8_oG1m7cU,2U8_oG1m7cU.opus.pt,0,2,/m/02sgy,Electric guitar,Musical instrument
2UXiAnArfRI,2UXiAnArfRI.opus.pt,0,2,/m/02sgy,Electric guitar,Musical instrument
2WcY6cQHDGk,2WcY6cQHDGk.opus.pt,0,2,/m/02sgy,Electric guitar,Musical instrument
2X2K0x9Ww90,2X2K0x9Ww90.opus.pt,0,2,/m/02sgy,Electric guitar,Musical instrument
2X5DAyvN4WU,2X5DAyvN4WU.opus.pt,0,2,/m/02sgy,Electric guitar,Musical instrument
2X7J26NSNLA,2X7J26NSNLA.opus.pt,0,2,/m/02sgy,Electric guitar,Musical instrument
2Yn75yOLPb4,2Yn75yOLPb4.opus.pt,0,2,/m/02sgy,Electric guitar,Musical instrument
2ZRI2hZj7LU,2ZRI2hZj7LU.opus.pt,0,2,/m/02sgy,Electric guitar,Musical instrument
2_OT4arRcW0,2_OT4arRcW0.opus.pt,0,2,/m/02sgy,Electric guitar,Musical instrument
2aTJUGFp3AM,2aTJUGFp3AM.opus.pt,0,2,/m/02sgy,Electric guitar,Musical instrument
2awUOhb1NQs,2awUOhb1NQs.opus.pt,0,2,/m/02sgy,Electric guitar,Musical instrument
2bEFKAWXliM,2bEFKAWXliM.opus.pt,0,2,/m/02sgy,Electric guitar,Musical instrument
2bg90-ErSrc,2bg90-ErSrc.opus.pt,0,2,/m/02sgy,Electric guitar,Musical instrument
2cPAHHXu_dY,2cPAHHXu_dY.opus.pt,0,2,/m/02sgy,Electric guitar,Musical instrument
2c_f_KjvdUQ,2c_f_KjvdUQ.opus.pt,0,2,/m/02sgy,Electric guitar,Musical instrument
2cbdHNaQU5o,2cbdHNaQU5o.opus.pt,0,2,/m/02sgy,Electric guitar,Musical instrument
2cwxSzP9VHI,2cwxSzP9VHI.opus.pt,0,2,/m/02sgy,Electric guitar,Musical instrument
2d-ShvCDl-I,2d-ShvCDl-I.opus.pt,0,2,/m/02sgy,Electric guitar,Musical instrument
2eDkTcyzh9I,2eDkTcyzh9I.opus.pt,0,2,/m/02sgy,Electric guitar,Musical instrument
2f82eNTITxU,2f82eNTITxU.opus.pt,0,2,/m/02sgy,Electric guitar,Musical instrument
2fNy2u6RPrI,2fNy2u6RPrI.opus.pt,0,2,/m/02sgy,Electric guitar,Musical instrument
2guzNdnR1NU,2guzNdnR1NU.opus.pt,0,2,/m/02sgy,Electric guitar,Musical instrument
2h-DTpOsoVI,2h-DTpOsoVI.opus.pt,0,2,/m/02sgy,Electric guitar,Musical instrument
2hEfmHXMTQQ,2hEfmHXMTQQ.opus.pt,0,2,/m/02sgy,Electric guitar,Musical instrument
2hK3-paCxHA,2hK3-paCxHA.opus.pt,0,2,/m/02sgy,Electric guitar,Musical instrument
2hQmSuIt894,2hQmSuIt894.opus.pt,0,2,/m/02sgy,Electric guitar,Musical instrument
2hSWVBjNjpg,2hSWVBjNjpg.opus.pt,0,2,/m/02sgy,Electric guitar,Musical instrument
2hvUT_ddZwc,2hvUT_ddZwc.opus.pt,0,2,/m/02sgy,Electric guitar,Musical instrument
2hznqW16IaM,2hznqW16IaM.opus.pt,0,2,/m/02sgy,Electric guitar,Musical instrument
2ipnECWupe4,2ipnECWupe4.opus.pt,0,2,/m/02sgy,Electric guitar,Musical instrument
2iu5-_ErzFQ,2iu5-_ErzFQ.opus.pt,0,2,/m/02sgy,Electric guitar,Musical instrument
2jReyUtY-Os,2jReyUtY-Os.opus.pt,0,2,/m/02sgy,Electric guitar,Musical instrument
2jTtjm6-kig,2jTtjm6-kig.opus.pt,0,2,/m/02sgy,Electric guitar,Musical instrument
2jWS6QHfPb8,2jWS6QHfPb8.opus.pt,0,2,/m/02sgy,Electric guitar,Musical instrument
2jsJyzZCSLk,2jsJyzZCSLk.opus.pt,0,2,/m/02sgy,Electric guitar,Musical instrument
2jzzOvpRoEw,2jzzOvpRoEw.opus.pt,0,2,/m/02sgy,Electric guitar,Musical instrument
2kuODCOClMw,2kuODCOClMw.opus.pt,0,2,/m/02sgy,Electric guitar,Musical instrument
2lVTQR2i4_U,2lVTQR2i4_U.opus.pt,0,2,/m/02sgy,Electric guitar,Musical instrument
2ll_pWthL2U,2ll_pWthL2U.opus.pt,0,2,/m/02sgy,Electric guitar,Musical instrument
2mOVzz6RYKw,2mOVzz6RYKw.opus.pt,0,2,/m/02sgy,Electric guitar,Musical instrument
2mb3rJ_OBhw,2mb3rJ_OBhw.opus.pt,0,2,/m/02sgy,Electric guitar,Musical instrument
2miLo3hbEZE,2miLo3hbEZE.opus.pt,0,2,/m/02sgy,Electric guitar,Musical instrument
2n3-RMobDXs,2n3-RMobDXs.opus.pt,0,2,/m/02sgy,Electric guitar,Musical instrument
2nnzOdB0NHg,2nnzOdB0NHg.opus.pt,0,2,/m/02sgy,Electric guitar,Musical instrument
2ojK_87Ob74,2ojK_87Ob74.opus.pt,0,2,/m/02sgy,Electric guitar,Musical instrument
2om9HkZ89G4,2om9HkZ89G4.opus.pt,0,2,/m/02sgy,Electric guitar,Musical instrument
2p0OlimS26I,2p0OlimS26I.opus.pt,0,2,/m/02sgy,Electric guitar,Musical instrument
2q6QKLi-RBk,2q6QKLi-RBk.opus.pt,0,2,/m/02sgy,Electric guitar,Musical instrument
2rfWsh8QGM8,2rfWsh8QGM8.opus.pt,0,2,/m/02sgy,Electric guitar,Musical instrument
2rzPOC8aJlg,2rzPOC8aJlg.opus.pt,0,2,/m/02sgy,Electric guitar,Musical instrument
2s9KpLjbYKU,2s9KpLjbYKU.opus.pt,0,2,/m/02sgy,Electric guitar,Musical instrument
2sbvPHBtBpg,2sbvPHBtBpg.opus.pt,0,2,/m/02sgy,Electric guitar,Musical instrument
2tkr8kcfSwY,2tkr8kcfSwY.opus.pt,0,2,/m/02sgy,Electric guitar,Musical instrument
2w1SVUqizao,2w1SVUqizao.opus.pt,0,2,/m/02sgy,Electric guitar,Musical instrument
2w6lbMpOD2w,2w6lbMpOD2w.opus.pt,0,2,/m/02sgy,Electric guitar,Musical instrument
2wJKGQkuZag,2wJKGQkuZag.opus.pt,0,2,/m/02sgy,Electric guitar,Musical instrument
2wl-lyCInTo,2wl-lyCInTo.opus.pt,0,2,/m/02sgy,Electric guitar,Musical instrument
2xA1Yq6BUK0,2xA1Yq6BUK0.opus.pt,0,2,/m/02sgy,Electric guitar,Musical instrument
2xZGRJzmaws,2xZGRJzmaws.opus.pt,0,2,/m/02sgy,Electric guitar,Musical instrument
2zSprKKjMeo,2zSprKKjMeo.opus.pt,0,2,/m/02sgy,Electric guitar,Musical instrument
2zjbTyVno6E,2zjbTyVno6E.opus.pt,0,2,/m/02sgy,Electric guitar,Musical instrument
2zv7jgn7RcA,2zv7jgn7RcA.opus.pt,0,2,/m/02sgy,Electric guitar,Musical instrument
3-IymuYDbv4,3-IymuYDbv4.opus.pt,0,2,/m/02sgy,Electric guitar,Musical instrument
3-X7wUK756I,3-X7wUK756I.opus.pt,0,2,/m/02sgy,Electric guitar,Musical instrument
3-gDC1VXqqM,3-gDC1VXqqM.opus.pt,0,2,/m/02sgy,Electric guitar,Musical instrument
30Y3lYneHrU,30Y3lYneHrU.opus.pt,0,2,/m/02sgy,Electric guitar,Musical instrument
31udDXsa8PU,31udDXsa8PU.opus.pt,0,2,/m/02sgy,Electric guitar,Musical instrument
32bWQdw81cU,32bWQdw81cU.opus.pt,0,2,/m/02sgy,Electric guitar,Musical instrument
32rU91-HI4U,32rU91-HI4U.opus.pt,0,2,/m/02sgy,Electric guitar,Musical instrument
339jhoQsXY0,339jhoQsXY0.opus.pt,0,2,/m/02sgy,Electric guitar,Musical instrument
33ZJTEZthrw,33ZJTEZthrw.opus.pt,0,2,/m/02sgy,Electric guitar,Musical instrument
33_NXrEEsf4,33_NXrEEsf4.opus.pt,0,2,/m/02sgy,Electric guitar,Musical instrument
33lWuQblcZM,33lWuQblcZM.opus.pt,0,2,/m/02sgy,Electric guitar,Musical instrument
345-zpErPNs,345-zpErPNs.opus.pt,0,2,/m/02sgy,Electric guitar,Musical instrument
34IL5Dm-reY,34IL5Dm-reY.opus.pt,0,2,/m/02sgy,Electric guitar,Musical instrument
36_37TOBF94,36_37TOBF94.opus.pt,0,2,/m/02sgy,Electric guitar,Musical instrument
36wk1sxwc8U,36wk1sxwc8U.opus.pt,0,2,/m/02sgy,Electric guitar,Musical instrument
37dZgkpIuXQ,37dZgkpIuXQ.opus.pt,0,2,/m/02sgy,Electric guitar,Musical instrument
386mjYk4lNc,386mjYk4lNc.opus.pt,0,2,/m/02sgy,Electric guitar,Musical instrument
39D7Ujs96qA,39D7Ujs96qA.opus.pt,0,2,/m/02sgy,Electric guitar,Musical instrument
39mjqxYCeEk,39mjqxYCeEk.opus.pt,0,2,/m/02sgy,Electric guitar,Musical instrument
3AIjvxNkMMY,3AIjvxNkMMY.opus.pt,0,2,/m/02sgy,Electric guitar,Musical instrument
3Alo6Nb_gUY,3Alo6Nb_gUY.opus.pt,0,2,/m/02sgy,Electric guitar,Musical instrument
3B8PhEgGI0c,3B8PhEgGI0c.opus.pt,0,2,/m/02sgy,Electric guitar,Musical instrument
3BTIlT8DGXE,3BTIlT8DGXE.opus.pt,0,2,/m/02sgy,Electric guitar,Musical instrument
3BgAFID42pE,3BgAFID42pE.opus.pt,0,2,/m/02sgy,Electric guitar,Musical instrument
3CLnrRi8JVw,3CLnrRi8JVw.opus.pt,0,2,/m/02sgy,Electric guitar,Musical instrument
3CoeI6Hzo58,3CoeI6Hzo58.opus.pt,0,2,/m/02sgy,Electric guitar,Musical instrument
3DifQszCP7w,3DifQszCP7w.opus.pt,0,2,/m/02sgy,Electric guitar,Musical instrument
3F8IJ0osfdg,3F8IJ0osfdg.opus.pt,0,2,/m/02sgy,Electric guitar,Musical instrument
3FCFidHEuxE,3FCFidHEuxE.opus.pt,0,2,/m/02sgy,Electric guitar,Musical instrument
3FQfxMglfzA,3FQfxMglfzA.opus.pt,0,2,/m/02sgy,Electric guitar,Musical instrument
3G5fDVM6gpc,3G5fDVM6gpc.opus.pt,0,2,/m/02sgy,Electric guitar,Musical instrument
3GC08s_Jb7Y,3GC08s_Jb7Y.opus.pt,0,2,/m/02sgy,Electric guitar,Musical instrument
3GJx0qShedg,3GJx0qShedg.opus.pt,0,2,/m/02sgy,Electric guitar,Musical instrument
3GSfm1r4zcc,3GSfm1r4zcc.opus.pt,0,2,/m/02sgy,Electric guitar,Musical instrument
3HwHQIFuroU,3HwHQIFuroU.opus.pt,0,2,/m/02sgy,Electric guitar,Musical instrument
3IslZkxmaNs,3IslZkxmaNs.opus.pt,0,2,/m/02sgy,Electric guitar,Musical instrument
3JW5HKrkaag,3JW5HKrkaag.opus.pt,0,2,/m/02sgy,Electric guitar,Musical instrument
3JZsE1Kae5o,3JZsE1Kae5o.opus.pt,0,2,/m/02sgy,Electric guitar,Musical instrument
3JbuGE0_bqk,3JbuGE0_bqk.opus.pt,0,2,/m/02sgy,Electric guitar,Musical instrument
3JkqCdrUwHQ,3JkqCdrUwHQ.opus.pt,0,2,/m/02sgy,Electric guitar,Musical instrument
3K1sbzGmCR0,3K1sbzGmCR0.opus.pt,0,2,/m/02sgy,Electric guitar,Musical instrument
3MUXZm9iqzc,3MUXZm9iqzc.opus.pt,0,2,/m/02sgy,Electric guitar,Musical instrument
3MZJC3Q5Xso,3MZJC3Q5Xso.opus.pt,0,2,/m/02sgy,Electric guitar,Musical instrument
3MdwZotAEmI,3MdwZotAEmI.opus.pt,0,2,/m/02sgy,Electric guitar,Musical instrument
3Mf9UYXmkFA,3Mf9UYXmkFA.opus.pt,0,2,/m/02sgy,Electric guitar,Musical instrument
3Nv6BjX8XsU,3Nv6BjX8XsU.opus.pt,0,2,/m/02sgy,Electric guitar,Musical instrument
3OlNIFEUcko,3OlNIFEUcko.opus.pt,0,2,/m/02sgy,Electric guitar,Musical instrument
3PFnqLvqFHo,3PFnqLvqFHo.opus.pt,0,2,/m/02sgy,Electric guitar,Musical instrument
3Pdjygr_5ps,3Pdjygr_5ps.opus.pt,0,2,/m/02sgy,Electric guitar,Musical instrument
3PnzlkVWwQ8,3PnzlkVWwQ8.opus.pt,0,2,/m/02sgy,Electric guitar,Musical instrument
3Q-nu2rGUqw,3Q-nu2rGUqw.opus.pt,0,2,/m/02sgy,Electric guitar,Musical instrument
3SRnUmAbfiE,3SRnUmAbfiE.opus.pt,0,2,/m/02sgy,Electric guitar,Musical instrument
3SzumRM2k28,3SzumRM2k28.opus.pt,0,2,/m/02sgy,Electric guitar,Musical instrument
3T1KWcD4W8c,3T1KWcD4W8c.opus.pt,0,2,/m/02sgy,Electric guitar,Musical instrument
3Uu-lDdHa4o,3Uu-lDdHa4o.opus.pt,0,2,/m/02sgy,Electric guitar,Musical instrument
3Uug5zg6Kpc,3Uug5zg6Kpc.opus.pt,0,2,/m/02sgy,Electric guitar,Musical instrument
3XB6uGLLdKU,3XB6uGLLdKU.opus.pt,0,2,/m/02sgy,Electric guitar,Musical instrument
3YNPUEI1dmM,3YNPUEI1dmM.opus.pt,0,2,/m/02sgy,Electric guitar,Musical instrument
3YfNFf5_IV8,3YfNFf5_IV8.opus.pt,0,2,/m/02sgy,Electric guitar,Musical instrument
3Yw5mTYV15A,3Yw5mTYV15A.opus.pt,0,2,/m/02sgy,Electric guitar,Musical instrument
3ZQ6gPngM8g,3ZQ6gPngM8g.opus.pt,0,2,/m/02sgy,Electric guitar,Musical instrument
3ZRxfi6xTes,3ZRxfi6xTes.opus.pt,0,2,/m/02sgy,Electric guitar,Musical instrument
3bhxRnfuLS8,3bhxRnfuLS8.opus.pt,0,2,/m/02sgy,Electric guitar,Musical instrument
3chy8RNhDo4,3chy8RNhDo4.opus.pt,0,2,/m/02sgy,Electric guitar,Musical instrument
3dTpfRFvHr0,3dTpfRFvHr0.opus.pt,0,2,/m/02sgy,Electric guitar,Musical instrument
3de4U_1fVL0,3de4U_1fVL0.opus.pt,0,2,/m/02sgy,Electric guitar,Musical instrument
3di_tnD3q1o,3di_tnD3q1o.opus.pt,0,2,/m/02sgy,Electric guitar,Musical instrument
3diiEfAands,3diiEfAands.opus.pt,0,2,/m/02sgy,Electric guitar,Musical instrument
3dp5TeG5Cjo,3dp5TeG5Cjo.opus.pt,0,2,/m/02sgy,Electric guitar,Musical instrument
3fJkK2RLdPs,3fJkK2RLdPs.opus.pt,0,2,/m/02sgy,Electric guitar,Musical instrument
3fSS50ZSzx4,3fSS50ZSzx4.opus.pt,0,2,/m/02sgy,Electric guitar,Musical instrument
3fY0cwpU_Ac,3fY0cwpU_Ac.opus.pt,0,2,/m/02sgy,Electric guitar,Musical instrument
3gr5pg-TtwE,3gr5pg-TtwE.opus.pt,0,2,/m/02sgy,Electric guitar,Musical instrument
3jIQFGCvfZc,3jIQFGCvfZc.opus.pt,0,2,/m/02sgy,Electric guitar,Musical instrument
3jiCh8AbGjY,3jiCh8AbGjY.opus.pt,0,2,/m/02sgy,Electric guitar,Musical instrument
3js7UV_QP_g,3js7UV_QP_g.opus.pt,0,2,/m/02sgy,Electric guitar,Musical instrument
3jvZEEskIbY,3jvZEEskIbY.opus.pt,0,2,/m/02sgy,Electric guitar,Musical instrument
3kVguqwtRmU,3kVguqwtRmU.opus.pt,0,2,/m/02sgy,Electric guitar,Musical instrument
3lKgQidoudE,3lKgQidoudE.opus.pt,0,2,/m/02sgy,Electric guitar,Musical instrument
3muRZs4qPKE,3muRZs4qPKE.opus.pt,0,2,/m/02sgy,Electric guitar,Musical instrument
3nW-bzxJUDQ,3nW-bzxJUDQ.opus.pt,0,2,/m/02sgy,Electric guitar,Musical instrument
3oJgPV5HoIo,3oJgPV5HoIo.opus.pt,0,2,/m/02sgy,Electric guitar,Musical instrument
3oVlXg2j5mI,3oVlXg2j5mI.opus.pt,0,2,/m/02sgy,Electric guitar,Musical instrument
3oobro_CHRY,3oobro_CHRY.opus.pt,0,2,/m/02sgy,Electric guitar,Musical instrument
3pWTLDHzXQ4,3pWTLDHzXQ4.opus.pt,0,2,/m/02sgy,Electric guitar,Musical instrument
3pYEPcngJWc,3pYEPcngJWc.opus.pt,0,2,/m/02sgy,Electric guitar,Musical instrument
3qU5d6EWuVY,3qU5d6EWuVY.opus.pt,0,2,/m/02sgy,Electric guitar,Musical instrument
3qUai5KNNiQ,3qUai5KNNiQ.opus.pt,0,2,/m/02sgy,Electric guitar,Musical instrument
3qViFNEU9ak,3qViFNEU9ak.opus.pt,0,2,/m/02sgy,Electric guitar,Musical instrument
3qzNvhRsepU,3qzNvhRsepU.opus.pt,0,2,/m/02sgy,Electric guitar,Musical instrument
3rcgFYY78ZE,3rcgFYY78ZE.opus.pt,0,2,/m/02sgy,Electric guitar,Musical instrument
3riJIuKTAUE,3riJIuKTAUE.opus.pt,0,2,/m/02sgy,Electric guitar,Musical instrument
3tnTwaqugEM,3tnTwaqugEM.opus.pt,0,2,/m/02sgy,Electric guitar,Musical instrument
3tycRp01hTI,3tycRp01hTI.opus.pt,0,2,/m/02sgy,Electric guitar,Musical instrument
3uDKkPuakMI,3uDKkPuakMI.opus.pt,0,2,/m/02sgy,Electric guitar,Musical instrument
3upUGodpeJU,3upUGodpeJU.opus.pt,0,2,/m/02sgy,Electric guitar,Musical instrument
3uyT6AMFeF0,3uyT6AMFeF0.opus.pt,0,2,/m/02sgy,Electric guitar,Musical instrument
3wER98N38Wc,3wER98N38Wc.opus.pt,0,2,/m/02sgy,Electric guitar,Musical instrument
3xIXw9JIqjk,3xIXw9JIqjk.opus.pt,0,2,/m/02sgy,Electric guitar,Musical instrument
3y04zaM2JuQ,3y04zaM2JuQ.opus.pt,0,2,/m/02sgy,Electric guitar,Musical instrument
3y8vY7-fbyY,3y8vY7-fbyY.opus.pt,0,2,/m/02sgy,Electric guitar,Musical instrument
3z9hYwLpTWg,3z9hYwLpTWg.opus.pt,0,2,/m/02sgy,Electric guitar,Musical instrument
3zNcqNcDpy0,3zNcqNcDpy0.opus.pt,0,2,/m/02sgy,Electric guitar,Musical instrument
4-7x79Ytn1E,4-7x79Ytn1E.opus.pt,0,2,/m/02sgy,Electric guitar,Musical instrument
4-eIyjcIWVc,4-eIyjcIWVc.opus.pt,0,2,/m/02sgy,Electric guitar,Musical instrument
4-gTz0PGQE0,4-gTz0PGQE0.opus.pt,0,2,/m/02sgy,Electric guitar,Musical instrument
403C6GS_kJE,403C6GS_kJE.opus.pt,0,2,/m/02sgy,Electric guitar,Musical instrument
405RjzKGHdM,405RjzKGHdM.opus.pt,0,2,/m/02sgy,Electric guitar,Musical instrument
40lw1Gu74-4,40lw1Gu74-4.opus.pt,0,2,/m/02sgy,Electric guitar,Musical instrument
41VsNbGAE9A,41VsNbGAE9A.opus.pt,0,2,/m/02sgy,Electric guitar,Musical instrument
41awktpy5AA,41awktpy5AA.opus.pt,0,2,/m/02sgy,Electric guitar,Musical instrument
41tYYuu7JPE,41tYYuu7JPE.opus.pt,0,2,/m/02sgy,Electric guitar,Musical instrument
41xYr_1Bsjs,41xYr_1Bsjs.opus.pt,0,2,/m/02sgy,Electric guitar,Musical instrument
42nbXK1cJyA,42nbXK1cJyA.opus.pt,0,2,/m/02sgy,Electric guitar,Musical instrument
43rFqpTQGhY,43rFqpTQGhY.opus.pt,0,2,/m/02sgy,Electric guitar,Musical instrument
448pv8xHntw,448pv8xHntw.opus.pt,0,2,/m/02sgy,Electric guitar,Musical instrument
44GmmAUfMeU,44GmmAUfMeU.opus.pt,0,2,/m/02sgy,Electric guitar,Musical instrument
45SVfBRi49Y,45SVfBRi49Y.opus.pt,0,2,/m/02sgy,Electric guitar,Musical instrument
45v8t6jATWA,45v8t6jATWA.opus.pt,0,2,/m/02sgy,Electric guitar,Musical instrument
4671UFpE3fc,4671UFpE3fc.opus.pt,0,2,/m/02sgy,Electric guitar,Musical instrument
46Ux8MUDbU8,46Ux8MUDbU8.opus.pt,0,2,/m/02sgy,Electric guitar,Musical instrument
46cHbDLjL2U,46cHbDLjL2U.opus.pt,0,2,/m/02sgy,Electric guitar,Musical instrument
477gwIVNsfo,477gwIVNsfo.opus.pt,0,2,/m/02sgy,Electric guitar,Musical instrument
47SpOxgj30I,47SpOxgj30I.opus.pt,0,2,/m/02sgy,Electric guitar,Musical instrument
47Y8YAbFngQ,47Y8YAbFngQ.opus.pt,0,2,/m/02sgy,Electric guitar,Musical instrument
47ZHdBnZVm0,47ZHdBnZVm0.opus.pt,0,2,/m/02sgy,Electric guitar,Musical instrument
47k_Vd9a9w8,47k_Vd9a9w8.opus.pt,0,2,/m/02sgy,Electric guitar,Musical instrument
484KGbFO4YU,484KGbFO4YU.opus.pt,0,2,/m/02sgy,Electric guitar,Musical instrument
48mgdPA-wkE,48mgdPA-wkE.opus.pt,0,2,/m/02sgy,Electric guitar,Musical instrument
4A4V08MF-d4,4A4V08MF-d4.opus.pt,0,2,/m/02sgy,Electric guitar,Musical instrument
4AhrFoTux90,4AhrFoTux90.opus.pt,0,2,/m/02sgy,Electric guitar,Musical instrument
4B-rSVoffkc,4B-rSVoffkc.opus.pt,0,2,/m/02sgy,Electric guitar,Musical instrument
4B1t_RmjVXc,4B1t_RmjVXc.opus.pt,0,2,/m/02sgy,Electric guitar,Musical instrument
4B51eqay6AI,4B51eqay6AI.opus.pt,0,2,/m/02sgy,Electric guitar,Musical instrument
4CCvjqUFo_M,4CCvjqUFo_M.opus.pt,0,2,/m/02sgy,Electric guitar,Musical instrument
4DSycTxE67w,4DSycTxE67w.opus.pt,0,2,/m/02sgy,Electric guitar,Musical instrument
4ETMfmk4m90,4ETMfmk4m90.opus.pt,0,2,/m/02sgy,Electric guitar,Musical instrument
4FEBcSPLBPs,4FEBcSPLBPs.opus.pt,0,2,/m/02sgy,Electric guitar,Musical instrument
4F_RcZRwSnw,4F_RcZRwSnw.opus.pt,0,2,/m/02sgy,Electric guitar,Musical instrument
4G1fo0zS-LM,4G1fo0zS-LM.opus.pt,0,2,/m/02sgy,Electric guitar,Musical instrument
4GG83S7oVds,4GG83S7oVds.opus.pt,0,2,/m/02sgy,Electric guitar,Musical instrument
4GbUAHnOxts,4GbUAHnOxts.opus.pt,0,2,/m/02sgy,Electric guitar,Musical instrument
4HqdcIRh4Co,4HqdcIRh4Co.opus.pt,0,2,/m/02sgy,Electric guitar,Musical instrument
4IN2U4e2G8g,4IN2U4e2G8g.opus.pt,0,2,/m/02sgy,Electric guitar,Musical instrument
4JDQ771O5RA,4JDQ771O5RA.opus.pt,0,2,/m/02sgy,Electric guitar,Musical instrument
4JW4ayJm1HQ,4JW4ayJm1HQ.opus.pt,0,2,/m/02sgy,Electric guitar,Musical instrument
4KAmzlLhWyA,4KAmzlLhWyA.opus.pt,0,2,/m/02sgy,Electric guitar,Musical instrument
4KIu_2oppNE,4KIu_2oppNE.opus.pt,0,2,/m/02sgy,Electric guitar,Musical instrument
4KUgbhKoGuY,4KUgbhKoGuY.opus.pt,0,2,/m/02sgy,Electric guitar,Musical instrument
4L00H5cKSww,4L00H5cKSww.opus.pt,0,2,/m/02sgy,Electric guitar,Musical instrument
4LPP4LhfHPg,4LPP4LhfHPg.opus.pt,0,2,/m/02sgy,Electric guitar,Musical instrument
4M5SmziMTWg,4M5SmziMTWg.opus.pt,0,2,/m/02sgy,Electric guitar,Musical instrument
4MXQj6F5ip4,4MXQj6F5ip4.opus.pt,0,2,/m/02sgy,Electric guitar,Musical instrument
4MoIhUur9Xo,4MoIhUur9Xo.opus.pt,0,2,/m/02sgy,Electric guitar,Musical instrument
4O1OMd5cJ88,4O1OMd5cJ88.opus.pt,0,2,/m/02sgy,Electric guitar,Musical instrument
4Omh78ZkudE,4Omh78ZkudE.opus.pt,0,2,/m/02sgy,Electric guitar,Musical instrument
4PHmCdd1eFc,4PHmCdd1eFc.opus.pt,0,2,/m/02sgy,Electric guitar,Musical instrument
4QjB_qQLLgU,4QjB_qQLLgU.opus.pt,0,2,/m/02sgy,Electric guitar,Musical instrument
4RMLr-5JpxE,4RMLr-5JpxE.opus.pt,0,2,/m/02sgy,Electric guitar,Musical instrument
4RPOcf5Fc8I,4RPOcf5Fc8I.opus.pt,0,2,/m/02sgy,Electric guitar,Musical instrument
4SaFWX-uIk0,4SaFWX-uIk0.opus.pt,0,2,/m/02sgy,Electric guitar,Musical instrument
4SwBjZTppb0,4SwBjZTppb0.opus.pt,0,2,/m/02sgy,Electric guitar,Musical instrument
4T0rb33lqO8,4T0rb33lqO8.opus.pt,0,2,/m/02sgy,Electric guitar,Musical instrument
4TkKGhZpZCc,4TkKGhZpZCc.opus.pt,0,2,/m/02sgy,Electric guitar,Musical instrument
4UOdBkg2bf4,4UOdBkg2bf4.opus.pt,0,2,/m/02sgy,Electric guitar,Musical instrument
4VEa3g6zqX8,4VEa3g6zqX8.opus.pt,0,2,/m/02sgy,Electric guitar,Musical instrument
4VsuCQQ4pc4,4VsuCQQ4pc4.opus.pt,0,2,/m/02sgy,Electric guitar,Musical instrument
4WqeFrKul-c,4WqeFrKul-c.opus.pt,0,2,/m/02sgy,Electric guitar,Musical instrument
4Wxtmo4zgeg,4Wxtmo4zgeg.opus.pt,0,2,/m/02sgy,Electric guitar,Musical instrument
4YY2R5sSduk,4YY2R5sSduk.opus.pt,0,2,/m/02sgy,Electric guitar,Musical instrument
4YhCpncfoVM,4YhCpncfoVM.opus.pt,0,2,/m/02sgy,Electric guitar,Musical instrument
4YhgZqSop1w,4YhgZqSop1w.opus.pt,0,2,/m/02sgy,Electric guitar,Musical instrument
4YlpGEhFXFw,4YlpGEhFXFw.opus.pt,0,2,/m/02sgy,Electric guitar,Musical instrument
4Z8vlGa5N7U,4Z8vlGa5N7U.opus.pt,0,2,/m/02sgy,Electric guitar,Musical instrument
4Z9WskPggsA,4Z9WskPggsA.opus.pt,0,2,/m/02sgy,Electric guitar,Musical instrument
4ZQAo65Aag0,4ZQAo65Aag0.opus.pt,0,2,/m/02sgy,Electric guitar,Musical instrument
4__UZjXVZEg,4__UZjXVZEg.opus.pt,0,2,/m/02sgy,Electric guitar,Musical instrument
4aQtDnxYqJs,4aQtDnxYqJs.opus.pt,0,2,/m/02sgy,Electric guitar,Musical instrument
4agI8EGyBvc,4agI8EGyBvc.opus.pt,0,2,/m/02sgy,Electric guitar,Musical instrument
4bOHooqaotE,4bOHooqaotE.opus.pt,0,2,/m/02sgy,Electric guitar,Musical instrument
4bh4Tk8nexs,4bh4Tk8nexs.opus.pt,0,2,/m/02sgy,Electric guitar,Musical instrument
4cmbnsKovkE,4cmbnsKovkE.opus.pt,0,2,/m/02sgy,Electric guitar,Musical instrument
4ct4pmAlLmc,4ct4pmAlLmc.opus.pt,0,2,/m/02sgy,Electric guitar,Musical instrument
4dQw_xwLPvE,4dQw_xwLPvE.opus.pt,0,2,/m/02sgy,Electric guitar,Musical instrument
4dUqvdHnPzI,4dUqvdHnPzI.opus.pt,0,2,/m/02sgy,Electric guitar,Musical instrument
4e4EDpDpyuA,4e4EDpDpyuA.opus.pt,0,2,/m/02sgy,Electric guitar,Musical instrument
4eko9bY02SI,4eko9bY02SI.opus.pt,0,2,/m/02sgy,Electric guitar,Musical instrument
4foF5YuakI8,4foF5YuakI8.opus.pt,0,2,/m/02sgy,Electric guitar,Musical instrument
4fp0UkfC-pI,4fp0UkfC-pI.opus.pt,0,2,/m/02sgy,Electric guitar,Musical instrument
4hSG-qsEyhg,4hSG-qsEyhg.opus.pt,0,2,/m/02sgy,Electric guitar,Musical instrument
4jZz8N_w4as,4jZz8N_w4as.opus.pt,0,2,/m/02sgy,Electric guitar,Musical instrument
4jaZ50YpmHE,4jaZ50YpmHE.opus.pt,0,2,/m/02sgy,Electric guitar,Musical instrument
4jjFZ8go5zc,4jjFZ8go5zc.opus.pt,0,2,/m/02sgy,Electric guitar,Musical instrument
4jkzGh_hr7Q,4jkzGh_hr7Q.opus.pt,0,2,/m/02sgy,Electric guitar,Musical instrument
4kV5xatJAR4,4kV5xatJAR4.opus.pt,0,2,/m/02sgy,Electric guitar,Musical instrument
4kpM_R5bolE,4kpM_R5bolE.opus.pt,0,2,/m/02sgy,Electric guitar,Musical instrument
4l5OKBbuT04,4l5OKBbuT04.opus.pt,0,2,/m/02sgy,Electric guitar,Musical instrument
4lDjbamcY6Y,4lDjbamcY6Y.opus.pt,0,2,/m/02sgy,Electric guitar,Musical instrument
4lkYMcP9nXY,4lkYMcP9nXY.opus.pt,0,2,/m/02sgy,Electric guitar,Musical instrument
4lzaZ0iQPTs,4lzaZ0iQPTs.opus.pt,0,2,/m/02sgy,Electric guitar,Musical instrument
4m0EBl19Ue8,4m0EBl19Ue8.opus.pt,0,2,/m/02sgy,Electric guitar,Musical instrument
4m1z-2bVPKo,4m1z-2bVPKo.opus.pt,0,2,/m/02sgy,Electric guitar,Musical instrument
4maU2SYLzSo,4maU2SYLzSo.opus.pt,0,2,/m/02sgy,Electric guitar,Musical instrument
4n3UfsuW9cs,4n3UfsuW9cs.opus.pt,0,2,/m/02sgy,Electric guitar,Musical instrument
4nU0K2RZ5yM,4nU0K2RZ5yM.opus.pt,0,2,/m/02sgy,Electric guitar,Musical instrument
4nxbjH-Q8Pg,4nxbjH-Q8Pg.opus.pt,0,2,/m/02sgy,Electric guitar,Musical instrument
4nyS7pxj6c8,4nyS7pxj6c8.opus.pt,0,2,/m/02sgy,Electric guitar,Musical instrument
4oFCiTqhND8,4oFCiTqhND8.opus.pt,0,2,/m/02sgy,Electric guitar,Musical instrument
4p3VTCyByZM,4p3VTCyByZM.opus.pt,0,2,/m/02sgy,Electric guitar,Musical instrument
4pUBoQIwGfk,4pUBoQIwGfk.opus.pt,0,2,/m/02sgy,Electric guitar,Musical instrument
4qHsomq9tok,4qHsomq9tok.opus.pt,0,2,/m/02sgy,Electric guitar,Musical instrument
4qM2byN4v1s,4qM2byN4v1s.opus.pt,0,2,/m/02sgy,Electric guitar,Musical instrument
4qMjLmEs5bM,4qMjLmEs5bM.opus.pt,0,2,/m/02sgy,Electric guitar,Musical instrument
4qlpqDSPjQM,4qlpqDSPjQM.opus.pt,0,2,/m/02sgy,Electric guitar,Musical instrument
4qy95n-M1sw,4qy95n-M1sw.opus.pt,0,2,/m/02sgy,Electric guitar,Musical instrument
4rNve-shLMg,4rNve-shLMg.opus.pt,0,2,/m/02sgy,Electric guitar,Musical instrument
4s_uJhooL0E,4s_uJhooL0E.opus.pt,0,2,/m/02sgy,Electric guitar,Musical instrument
4sdCtDWOArY,4sdCtDWOArY.opus.pt,0,2,/m/02sgy,Electric guitar,Musical instrument
4tNG6lR61fk,4tNG6lR61fk.opus.pt,0,2,/m/02sgy,Electric guitar,Musical instrument
4vB97ScaLjk,4vB97ScaLjk.opus.pt,0,2,/m/02sgy,Electric guitar,Musical instrument
4vV5Gx2bspc,4vV5Gx2bspc.opus.pt,0,2,/m/02sgy,Electric guitar,Musical instrument
4vjugGkCls0,4vjugGkCls0.opus.pt,0,2,/m/02sgy,Electric guitar,Musical instrument
4wCWaUitk_g,4wCWaUitk_g.opus.pt,0,2,/m/02sgy,Electric guitar,Musical instrument
4wDcF6txw94,4wDcF6txw94.opus.pt,0,2,/m/02sgy,Electric guitar,Musical instrument
4wagwewMilg,4wagwewMilg.opus.pt,0,2,/m/02sgy,Electric guitar,Musical instrument
4wh-zBqDycA,4wh-zBqDycA.opus.pt,0,2,/m/02sgy,Electric guitar,Musical instrument
4xVpkIR5-9M,4xVpkIR5-9M.opus.pt,0,2,/m/02sgy,Electric guitar,Musical instrument
4xeEvrLanEg,4xeEvrLanEg.opus.pt,0,2,/m/02sgy,Electric guitar,Musical instrument
4xqmMmlZ2G4,4xqmMmlZ2G4.opus.pt,0,2,/m/02sgy,Electric guitar,Musical instrument
4yT9TA0keIY,4yT9TA0keIY.opus.pt,0,2,/m/02sgy,Electric guitar,Musical instrument
4z1F1HSJ0wM,4z1F1HSJ0wM.opus.pt,0,2,/m/02sgy,Electric guitar,Musical instrument
4zLfs1BUL00,4zLfs1BUL00.opus.pt,0,2,/m/02sgy,Electric guitar,Musical instrument
4zNj0360RjA,4zNj0360RjA.opus.pt,0,2,/m/02sgy,Electric guitar,Musical instrument
5-PjXJ8mXOw,5-PjXJ8mXOw.opus.pt,0,2,/m/02sgy,Electric guitar,Musical instrument
5-he8DVISZE,5-he8DVISZE.opus.pt,0,2,/m/02sgy,Electric guitar,Musical instrument
517zAkUSfbk,517zAkUSfbk.opus.pt,0,2,/m/02sgy,Electric guitar,Musical instrument
51gPcA3ac_k,51gPcA3ac_k.opus.pt,0,2,/m/02sgy,Electric guitar,Musical instrument
51htVfmDCHc,51htVfmDCHc.opus.pt,0,2,/m/02sgy,Electric guitar,Musical instrument
521szK8fUoM,521szK8fUoM.opus.pt,0,2,/m/02sgy,Electric guitar,Musical instrument
52ArCucq4aM,52ArCucq4aM.opus.pt,0,2,/m/02sgy,Electric guitar,Musical instrument
52lHy0aOcXA,52lHy0aOcXA.opus.pt,0,2,/m/02sgy,Electric guitar,Musical instrument
53LXpsEGJRo,53LXpsEGJRo.opus.pt,0,2,/m/02sgy,Electric guitar,Musical instrument
53fjCA50EqM,53fjCA50EqM.opus.pt,0,2,/m/02sgy,Electric guitar,Musical instrument
53kHRMOc7fA,53kHRMOc7fA.opus.pt,0,2,/m/02sgy,Electric guitar,Musical instrument
53xhqkOFXhQ,53xhqkOFXhQ.opus.pt,0,2,/m/02sgy,Electric guitar,Musical instrument
547mLx3eNrQ,547mLx3eNrQ.opus.pt,0,2,/m/02sgy,Electric guitar,Musical instrument
548lGwwfZ2U,548lGwwfZ2U.opus.pt,0,2,/m/02sgy,Electric guitar,Musical instrument
54AM8JU1e9o,54AM8JU1e9o.opus.pt,0,2,/m/02sgy,Electric guitar,Musical instrument
54IEBOHXgxs,54IEBOHXgxs.opus.pt,0,2,/m/02sgy,Electric guitar,Musical instrument
54LhWidAuKw,54LhWidAuKw.opus.pt,0,2,/m/02sgy,Electric guitar,Musical instrument
54adLR5g1H4,54adLR5g1H4.opus.pt,0,2,/m/02sgy,Electric guitar,Musical instrument
54eTSUOuFyE,54eTSUOuFyE.opus.pt,0,2,/m/02sgy,Electric guitar,Musical instrument
54uyegnkfXM,54uyegnkfXM.opus.pt,0,2,/m/02sgy,Electric guitar,Musical instrument
55LI5mucTp8,55LI5mucTp8.opus.pt,0,2,/m/02sgy,Electric guitar,Musical instrument
55Mo-X46TMA,55Mo-X46TMA.opus.pt,0,2,/m/02sgy,Electric guitar,Musical instrument
55X13-RDQDI,55X13-RDQDI.opus.pt,0,2,/m/02sgy,Electric guitar,Musical instrument
56Fdj0LMzsM,56Fdj0LMzsM.opus.pt,0,2,/m/02sgy,Electric guitar,Musical instrument
56Fom0bUSAM,56Fom0bUSAM.opus.pt,0,2,/m/02sgy,Electric guitar,Musical instrument
57ESTSvUegU,57ESTSvUegU.opus.pt,0,2,/m/02sgy,Electric guitar,Musical instrument
57II8BHSCS4,57II8BHSCS4.opus.pt,0,2,/m/02sgy,Electric guitar,Musical instrument
57_CbJnZ8Ow,57_CbJnZ8Ow.opus.pt,0,2,/m/02sgy,Electric guitar,Musical instrument
58K-Sk4QiRU,58K-Sk4QiRU.opus.pt,0,2,/m/02sgy,Electric guitar,Musical instrument
58ZD2lWPyss,58ZD2lWPyss.opus.pt,0,2,/m/02sgy,Electric guitar,Musical instrument
58bdbAmUGik,58bdbAmUGik.opus.pt,0,2,/m/02sgy,Electric guitar,Musical instrument
58eTEqxHXFQ,58eTEqxHXFQ.opus.pt,0,2,/m/02sgy,Electric guitar,Musical instrument
58g4MR8esOA,58g4MR8esOA.opus.pt,0,2,/m/02sgy,Electric guitar,Musical instrument
58jv8_-r3i0,58jv8_-r3i0.opus.pt,0,2,/m/02sgy,Electric guitar,Musical instrument
5AMC7HAM58k,5AMC7HAM58k.opus.pt,0,2,/m/02sgy,Electric guitar,Musical instrument
5BPrDaD8quU,5BPrDaD8quU.opus.pt,0,2,/m/02sgy,Electric guitar,Musical instrument
5BTTsaQKLQw,5BTTsaQKLQw.opus.pt,0,2,/m/02sgy,Electric guitar,Musical instrument
5BYAY1_JggU,5BYAY1_JggU.opus.pt,0,2,/m/02sgy,Electric guitar,Musical instrument
5CUaiNHDO4w,5CUaiNHDO4w.opus.pt,0,2,/m/02sgy,Electric guitar,Musical instrument
5Ck6AqDCFrI,5Ck6AqDCFrI.opus.pt,0,2,/m/02sgy,Electric guitar,Musical instrument
5DGDJZMfElw,5DGDJZMfElw.opus.pt,0,2,/m/02sgy,Electric guitar,Musical instrument
5DQYvPhswWg,5DQYvPhswWg.opus.pt,0,2,/m/02sgy,Electric guitar,Musical instrument
5DS-Jnxsgic,5DS-Jnxsgic.opus.pt,0,2,/m/02sgy,Electric guitar,Musical instrument
5Dd3DdwcejQ,5Dd3DdwcejQ.opus.pt,0,2,/m/02sgy,Electric guitar,Musical instrument
5DmOsKFe4YE,5DmOsKFe4YE.opus.pt,0,2,/m/02sgy,Electric guitar,Musical instrument
5E0FDrfNxJg,5E0FDrfNxJg.opus.pt,0,2,/m/02sgy,Electric guitar,Musical instrument
5EVSMH1QaBM,5EVSMH1QaBM.opus.pt,0,2,/m/02sgy,Electric guitar,Musical instrument
5EoGUDoho98,5EoGUDoho98.opus.pt,0,2,/m/02sgy,Electric guitar,Musical instrument
5Ez3xKH52jY,5Ez3xKH52jY.opus.pt,0,2,/m/02sgy,Electric guitar,Musical instrument
5FwKKd-iyoI,5FwKKd-iyoI.opus.pt,0,2,/m/02sgy,Electric guitar,Musical instrument
5HMbP-NM37I,5HMbP-NM37I.opus.pt,0,2,/m/02sgy,Electric guitar,Musical instrument
5HiFgc6rX9Q,5HiFgc6rX9Q.opus.pt,0,2,/m/02sgy,Electric guitar,Musical instrument
5HvEQXcWgB4,5HvEQXcWgB4.opus.pt,0,2,/m/02sgy,Electric guitar,Musical instrument
5J5Ud3c7c4o,5J5Ud3c7c4o.opus.pt,0,2,/m/02sgy,Electric guitar,Musical instrument
5Jnna7KOTgc,5Jnna7KOTgc.opus.pt,0,2,/m/02sgy,Electric guitar,Musical instrument
5Jo6OgUlbEc,5Jo6OgUlbEc.opus.pt,0,2,/m/02sgy,Electric guitar,Musical instrument
5JpB5XQh1rU,5JpB5XQh1rU.opus.pt,0,2,/m/02sgy,Electric guitar,Musical instrument
5KFnIQG2L-M,5KFnIQG2L-M.opus.pt,0,2,/m/02sgy,Electric guitar,Musical instrument
5L4w_kVVfYU,5L4w_kVVfYU.opus.pt,0,2,/m/02sgy,Electric guitar,Musical instrument
5LRymv04Yo4,5LRymv04Yo4.opus.pt,0,2,/m/02sgy,Electric guitar,Musical instrument
5Lq7ieWU9vA,5Lq7ieWU9vA.opus.pt,0,2,/m/02sgy,Electric guitar,Musical instrument
5MYMk3V43qw,5MYMk3V43qw.opus.pt,0,2,/m/02sgy,Electric guitar,Musical instrument
5MuAZIVH6qY,5MuAZIVH6qY.opus.pt,0,2,/m/02sgy,Electric guitar,Musical instrument
5N-RejtHB7Q,5N-RejtHB7Q.opus.pt,0,2,/m/02sgy,Electric guitar,Musical instrument
5N39lDV289g,5N39lDV289g.opus.pt,0,2,/m/02sgy,Electric guitar,Musical instrument
5N_g7zPAqXQ,5N_g7zPAqXQ.opus.pt,0,2,/m/02sgy,Electric guitar,Musical instrument
5OJf59zB_sU,5OJf59zB_sU.opus.pt,0,2,/m/02sgy,Electric guitar,Musical instrument
5Op3YYwXwrI,5Op3YYwXwrI.opus.pt,0,2,/m/02sgy,Electric guitar,Musical instrument
5Pp4LcQ6axo,5Pp4LcQ6axo.opus.pt,0,2,/m/02sgy,Electric guitar,Musical instrument
5QKUCjuvZVU,5QKUCjuvZVU.opus.pt,0,2,/m/02sgy,Electric guitar,Musical instrument
5Qs-HFo_j40,5Qs-HFo_j40.opus.pt,0,2,/m/02sgy,Electric guitar,Musical instrument
5R1Ny6qXf0E,5R1Ny6qXf0E.opus.pt,0,2,/m/02sgy,Electric guitar,Musical instrument
5Rfwhx2z8h0,5Rfwhx2z8h0.opus.pt,0,2,/m/02sgy,Electric guitar,Musical instrument
5S-OQnFVFfo,5S-OQnFVFfo.opus.pt,0,2,/m/02sgy,Electric guitar,Musical instrument
5SSrWtBTNeQ,5SSrWtBTNeQ.opus.pt,0,2,/m/02sgy,Electric guitar,Musical instrument
5Sbv5d228sc,5Sbv5d228sc.opus.pt,0,2,/m/02sgy,Electric guitar,Musical instrument
5Sv97J7mksY,5Sv97J7mksY.opus.pt,0,2,/m/02sgy,Electric guitar,Musical instrument
5T1mLJwGG8E,5T1mLJwGG8E.opus.pt,0,2,/m/02sgy,Electric guitar,Musical instrument
5TncSwa1uEg,5TncSwa1uEg.opus.pt,0,2,/m/02sgy,Electric guitar,Musical instrument
5U07CA5E4BY,5U07CA5E4BY.opus.pt,0,2,/m/02sgy,Electric guitar,Musical instrument
5UU6diPTzvk,5UU6diPTzvk.opus.pt,0,2,/m/02sgy,Electric guitar,Musical instrument
5UW48XgAu30,5UW48XgAu30.opus.pt,0,2,/m/02sgy,Electric guitar,Musical instrument
5UtlKkuZcM4,5UtlKkuZcM4.opus.pt,0,2,/m/02sgy,Electric guitar,Musical instrument
5V28XPqPmjk,5V28XPqPmjk.opus.pt,0,2,/m/02sgy,Electric guitar,Musical instrument
5W3bXY8Yd10,5W3bXY8Yd10.opus.pt,0,2,/m/02sgy,Electric guitar,Musical instrument
5Wh1Yq5BqEA,5Wh1Yq5BqEA.opus.pt,0,2,/m/02sgy,Electric guitar,Musical instrument
5Wpfa2qOSfs,5Wpfa2qOSfs.opus.pt,0,2,/m/02sgy,Electric guitar,Musical instrument
5XFmby4XlDs,5XFmby4XlDs.opus.pt,0,2,/m/02sgy,Electric guitar,Musical instrument
5XV3NxHf7-o,5XV3NxHf7-o.opus.pt,0,2,/m/02sgy,Electric guitar,Musical instrument
5XlVMbf5-BI,5XlVMbf5-BI.opus.pt,0,2,/m/02sgy,Electric guitar,Musical instrument
5Y2PacnwKRw,5Y2PacnwKRw.opus.pt,0,2,/m/02sgy,Electric guitar,Musical instrument
5Yb4fo2Pt1M,5Yb4fo2Pt1M.opus.pt,0,2,/m/02sgy,Electric guitar,Musical instrument
5ZYhwSXxp6U,5ZYhwSXxp6U.opus.pt,0,2,/m/02sgy,Electric guitar,Musical instrument
5ZnK1gTs25I,5ZnK1gTs25I.opus.pt,0,2,/m/02sgy,Electric guitar,Musical instrument
5_YSkthqVvY,5_YSkthqVvY.opus.pt,0,2,/m/02sgy,Electric guitar,Musical instrument
5_zG8uRMNkI,5_zG8uRMNkI.opus.pt,0,2,/m/02sgy,Electric guitar,Musical instrument
5b2mPDIMv8Y,5b2mPDIMv8Y.opus.pt,0,2,/m/02sgy,Electric guitar,Musical instrument
5b8qH85oRm8,5b8qH85oRm8.opus.pt,0,2,/m/02sgy,Electric guitar,Musical instrument
5bEMqoVyGBA,5bEMqoVyGBA.opus.pt,0,2,/m/02sgy,Electric guitar,Musical instrument
5bIBTg7SARM,5bIBTg7SARM.opus.pt,0,2,/m/02sgy,Electric guitar,Musical instrument
5bYnaFT8gdc,5bYnaFT8gdc.opus.pt,0,2,/m/02sgy,Electric guitar,Musical instrument
5bllLBW_Dok,5bllLBW_Dok.opus.pt,0,2,/m/02sgy,Electric guitar,Musical instrument
5c3OPB3kuxw,5c3OPB3kuxw.opus.pt,0,2,/m/02sgy,Electric guitar,Musical instrument
5c5zGzfjbZA,5c5zGzfjbZA.opus.pt,0,2,/m/02sgy,Electric guitar,Musical instrument
5e0JyEQ7Okg,5e0JyEQ7Okg.opus.pt,0,2,/m/02sgy,Electric guitar,Musical instrument
5e7FG9lC1D4,5e7FG9lC1D4.opus.pt,0,2,/m/02sgy,Electric guitar,Musical instrument
5ealjQt903k,5ealjQt903k.opus.pt,0,2,/m/02sgy,Electric guitar,Musical instrument
5enkCGXodYQ,5enkCGXodYQ.opus.pt,0,2,/m/02sgy,Electric guitar,Musical instrument
5fParkNCU-s,5fParkNCU-s.opus.pt,0,2,/m/02sgy,Electric guitar,Musical instrument
5fr-VCS9HYY,5fr-VCS9HYY.opus.pt,0,2,/m/02sgy,Electric guitar,Musical instrument
5g7j7NSDq_o,5g7j7NSDq_o.opus.pt,0,2,/m/02sgy,Electric guitar,Musical instrument
5gUStse9404,5gUStse9404.opus.pt,0,2,/m/02sgy,Electric guitar,Musical instrument
5gzGtfvk-10,5gzGtfvk-10.opus.pt,0,2,/m/02sgy,Electric guitar,Musical instrument
5h2eaSE9LuU,5h2eaSE9LuU.opus.pt,0,2,/m/02sgy,Electric guitar,Musical instrument
5h4aWBpQVCA,5h4aWBpQVCA.opus.pt,0,2,/m/02sgy,Electric guitar,Musical instrument
5hN8erP9O9I,5hN8erP9O9I.opus.pt,0,2,/m/02sgy,Electric guitar,Musical instrument
5iUGRyYbUW8,5iUGRyYbUW8.opus.pt,0,2,/m/02sgy,Electric guitar,Musical instrument
5iXOLEGg2EU,5iXOLEGg2EU.opus.pt,0,2,/m/02sgy,Electric guitar,Musical instrument
5idd3Bqf29Q,5idd3Bqf29Q.opus.pt,0,2,/m/02sgy,Electric guitar,Musical instrument
5ivSc-IYuic,5ivSc-IYuic.opus.pt,0,2,/m/02sgy,Electric guitar,Musical instrument
5k06khkf4AA,5k06khkf4AA.opus.pt,0,2,/m/02sgy,Electric guitar,Musical instrument
5kW50T8AUXo,5kW50T8AUXo.opus.pt,0,2,/m/02sgy,Electric guitar,Musical instrument
5lLxGS7KrXA,5lLxGS7KrXA.opus.pt,0,2,/m/02sgy,Electric guitar,Musical instrument
5lNUknMI3Q0,5lNUknMI3Q0.opus.pt,0,2,/m/02sgy,Electric guitar,Musical instrument
5lvlN0s0xrk,5lvlN0s0xrk.opus.pt,0,2,/m/02sgy,Electric guitar,Musical instrument
5m1OY9Ib_vI,5m1OY9Ib_vI.opus.pt,0,2,/m/02sgy,Electric guitar,Musical instrument
5m8nsOXaV90,5m8nsOXaV90.opus.pt,0,2,/m/02sgy,Electric guitar,Musical instrument
5nG9ugJhov8,5nG9ugJhov8.opus.pt,0,2,/m/02sgy,Electric guitar,Musical instrument
5nM2huIlm2k,5nM2huIlm2k.opus.pt,0,2,/m/02sgy,Electric guitar,Musical instrument
5nYDMWXtp-4,5nYDMWXtp-4.opus.pt,0,2,/m/02sgy,Electric guitar,Musical instrument
5oGwHJlDD78,5oGwHJlDD78.opus.pt,0,2,/m/02sgy,Electric guitar,Musical instrument
5oQIoNZ0t9U,5oQIoNZ0t9U.opus.pt,0,2,/m/02sgy,Electric guitar,Musical instrument
5oXqzzMZqqI,5oXqzzMZqqI.opus.pt,0,2,/m/02sgy,Electric guitar,Musical instrument
5pLR6wUnNAg,5pLR6wUnNAg.opus.pt,0,2,/m/02sgy,Electric guitar,Musical instrument
5q3BjekWDFI,5q3BjekWDFI.opus.pt,0,2,/m/02sgy,Electric guitar,Musical instrument
5rLWGEAF3pg,5rLWGEAF3pg.opus.pt,0,2,/m/02sgy,Electric guitar,Musical instrument
5rZ2ZGewHmg,5rZ2ZGewHmg.opus.pt,0,2,/m/02sgy,Electric guitar,Musical instrument
5rxkNYBS5R4,5rxkNYBS5R4.opus.pt,0,2,/m/02sgy,Electric guitar,Musical instrument
5ryiJ5VI78Y,5ryiJ5VI78Y.opus.pt,0,2,/m/02sgy,Electric guitar,Musical instrument
5s59uZyJWYo,5s59uZyJWYo.opus.pt,0,2,/m/02sgy,Electric guitar,Musical instrument
5sYL6-9ocKo,5sYL6-9ocKo.opus.pt,0,2,/m/02sgy,Electric guitar,Musical instrument
5ssOcWk-8nA,5ssOcWk-8nA.opus.pt,0,2,/m/02sgy,Electric guitar,Musical instrument
5stLGZAbWKs,5stLGZAbWKs.opus.pt,0,2,/m/02sgy,Electric guitar,Musical instrument
5tmbxMLp9EQ,5tmbxMLp9EQ.opus.pt,0,2,/m/02sgy,Electric guitar,Musical instrument
5uG6LroNqLo,5uG6LroNqLo.opus.pt,0,2,/m/02sgy,Electric guitar,Musical instrument
5udsmb5dk7c,5udsmb5dk7c.opus.pt,0,2,/m/02sgy,Electric guitar,Musical instrument
5urk5CczZec,5urk5CczZec.opus.pt,0,2,/m/02sgy,Electric guitar,Musical instrument
5uym6sPHI-U,5uym6sPHI-U.opus.pt,0,2,/m/02sgy,Electric guitar,Musical instrument
5vRTJOdgHgE,5vRTJOdgHgE.opus.pt,0,2,/m/02sgy,Electric guitar,Musical instrument
5vVMNbLkLWA,5vVMNbLkLWA.opus.pt,0,2,/m/02sgy,Electric guitar,Musical instrument
5vfPWTf-cwQ,5vfPWTf-cwQ.opus.pt,0,2,/m/02sgy,Electric guitar,Musical instrument
5vwAD-94R8E,5vwAD-94R8E.opus.pt,0,2,/m/02sgy,Electric guitar,Musical instrument
5wCBMTpaFR4,5wCBMTpaFR4.opus.pt,0,2,/m/02sgy,Electric guitar,Musical instrument
5woZDL9UWTo,5woZDL9UWTo.opus.pt,0,2,/m/02sgy,Electric guitar,Musical instrument
5xDfOa7paAU,5xDfOa7paAU.opus.pt,0,2,/m/02sgy,Electric guitar,Musical instrument
5yGZVuODCF8,5yGZVuODCF8.opus.pt,0,2,/m/02sgy,Electric guitar,Musical instrument
5yWpdtajnmM,5yWpdtajnmM.opus.pt,0,2,/m/02sgy,Electric guitar,Musical instrument
5z3X7EfBmSY,5z3X7EfBmSY.opus.pt,0,2,/m/02sgy,Electric guitar,Musical instrument
5z_ddjmacbQ,5z_ddjmacbQ.opus.pt,0,2,/m/02sgy,Electric guitar,Musical instrument
5zbLtu2RkpA,5zbLtu2RkpA.opus.pt,0,2,/m/02sgy,Electric guitar,Musical instrument
5zeu3BBJjlI,5zeu3BBJjlI.opus.pt,0,2,/m/02sgy,Electric guitar,Musical instrument
6-3Mhd_yzfc,6-3Mhd_yzfc.opus.pt,0,2,/m/02sgy,Electric guitar,Musical instrument
6-7y4-U7McQ,6-7y4-U7McQ.opus.pt,0,2,/m/02sgy,Electric guitar,Musical instrument
6-fskdSQC6A,6-fskdSQC6A.opus.pt,0,2,/m/02sgy,Electric guitar,Musical instrument
6-xlvEcDoOA,6-xlvEcDoOA.opus.pt,0,2,/m/02sgy,Electric guitar,Musical instrument
60KzN2-UHq0,60KzN2-UHq0.opus.pt,0,2,/m/02sgy,Electric guitar,Musical instrument
60NYvr_NHgM,60NYvr_NHgM.opus.pt,0,2,/m/02sgy,Electric guitar,Musical instrument
60kWhYynwZM,60kWhYynwZM.opus.pt,0,2,/m/02sgy,Electric guitar,Musical instrument
61KVaXWJ8rI,61KVaXWJ8rI.opus.pt,0,2,/m/02sgy,Electric guitar,Musical instrument
6291K-iR7Yo,6291K-iR7Yo.opus.pt,0,2,/m/02sgy,Electric guitar,Musical instrument
62dPtXf7JhM,62dPtXf7JhM.opus.pt,0,2,/m/02sgy,Electric guitar,Musical instrument
62f5xZQ5xDM,62f5xZQ5xDM.opus.pt,0,2,/m/02sgy,Electric guitar,Musical instrument
62yJwlsNqC4,62yJwlsNqC4.opus.pt,0,2,/m/02sgy,Electric guitar,Musical instrument
63tmFKHv1Co,63tmFKHv1Co.opus.pt,0,2,/m/02sgy,Electric guitar,Musical instrument
63vB3Ogdm6I,63vB3Ogdm6I.opus.pt,0,2,/m/02sgy,Electric guitar,Musical instrument
64WDCpsUZLM,64WDCpsUZLM.opus.pt,0,2,/m/02sgy,Electric guitar,Musical instrument
64b3o8Cg9wM,64b3o8Cg9wM.opus.pt,0,2,/m/02sgy,Electric guitar,Musical instrument
64gaupp-Ki8,64gaupp-Ki8.opus.pt,0,2,/m/02sgy,Electric guitar,Musical instrument
65M1FmVaTJA,65M1FmVaTJA.opus.pt,0,2,/m/02sgy,Electric guitar,Musical instrument
66A8Y0dAo5g,66A8Y0dAo5g.opus.pt,0,2,/m/02sgy,Electric guitar,Musical instrument
6705AQKLS1g,6705AQKLS1g.opus.pt,0,2,/m/02sgy,Electric guitar,Musical instrument
67_lLYVuFSw,67_lLYVuFSw.opus.pt,0,2,/m/02sgy,Electric guitar,Musical instrument
67mXi641X0w,67mXi641X0w.opus.pt,0,2,/m/02sgy,Electric guitar,Musical instrument
68Pbpg0sy7s,68Pbpg0sy7s.opus.pt,0,2,/m/02sgy,Electric guitar,Musical instrument
68ZpSr7GZps,68ZpSr7GZps.opus.pt,0,2,/m/02sgy,Electric guitar,Musical instrument
68iIsHA8aXk,68iIsHA8aXk.opus.pt,0,2,/m/02sgy,Electric guitar,Musical instrument
68iTxGztGno,68iTxGztGno.opus.pt,0,2,/m/02sgy,Electric guitar,Musical instrument
68s0FDOYamA,68s0FDOYamA.opus.pt,0,2,/m/02sgy,Electric guitar,Musical instrument
68vyv2Wf2h8,68vyv2Wf2h8.opus.pt,0,2,/m/02sgy,Electric guitar,Musical instrument
695-_wFVpN4,695-_wFVpN4.opus.pt,0,2,/m/02sgy,Electric guitar,Musical instrument
69CBsfdvK0Q,69CBsfdvK0Q.opus.pt,0,2,/m/02sgy,Electric guitar,Musical instrument
69LYJdjBZjE,69LYJdjBZjE.opus.pt,0,2,/m/02sgy,Electric guitar,Musical instrument
69VDtLZMuWo,69VDtLZMuWo.opus.pt,0,2,/m/02sgy,Electric guitar,Musical instrument
69y1qZs_FdI,69y1qZs_FdI.opus.pt,0,2,/m/02sgy,Electric guitar,Musical instrument
6A1Cs3fLtgU,6A1Cs3fLtgU.opus.pt,0,2,/m/02sgy,Electric guitar,Musical instrument
6AFR3hTB2sI,6AFR3hTB2sI.opus.pt,0,2,/m/02sgy,Electric guitar,Musical instrument
6AVfZhRgwTI,6AVfZhRgwTI.opus.pt,0,2,/m/02sgy,Electric guitar,Musical instrument
6AYYb_YAxP0,6AYYb_YAxP0.opus.pt,0,2,/m/02sgy,Electric guitar,Musical instrument
6Bs7O1bSSVM,6Bs7O1bSSVM.opus.pt,0,2,/m/02sgy,Electric guitar,Musical instrument
6BxiL4LAPoA,6BxiL4LAPoA.opus.pt,0,2,/m/02sgy,Electric guitar,Musical instrument
